id,pos_x,pos_y,pos_z,rot_y_deg,type,width_m,depth_m,height_m,scale,district,seed,warp
0,-21.087,0.0,5.863,218.45,Administration,12.65,6.03,5.0,1.0,Administration,1429458196,0.0
1,-15.332,0.0,4.216,244.21,Administration,10.81,9.33,5.0,1.0,Administration,1429458196,0.0
2,-11.555,0.0,9.853,308.45,Administration,11.64,6.05,5.0,1.0,Administration,1429458196,0.0
3,-7.707,0.0,16.177,218.45,Administration,7.85,6.52,5.0,1.0,Administration,1429458196,0.0
4,-102.543,0.0,2.181,274.21,Castle,16.88,7.38,5.0,1.0,Castle,1429458196,0.0
5,-101.758,0.0,13.915,4.21,Castle,10.67,6.41,5.0,1.0,Castle,1429458196,0.0
6,-101.664,0.0,20.015,202.77,Castle,12.97,8.49,5.0,1.0,Castle,1429458196,0.0
7,-93.931,0.0,7.243,184.21,Castle,10.54,8.04,5.0,1.0,Castle,1429458196,0.0
8,-93.312,0.0,-1.172,4.21,Castle,10.54,8.83,5.0,1.0,Castle,1429458196,0.0
9,-92.958,0.0,16.627,274.21,Castle,10.53,7.28,5.0,1.0,Castle,1429458196,0.0
10,-85.258,0.0,20.897,274.21,Castle,17.92,8.71,5.0,1.0,Castle,1429458196,0.0
11,-76.611,0.0,20.76,159.63,Castle,12.64,7.16,5.0,1.0,Castle,1429458196,0.0
12,-74.511,0.0,4.245,274.21,Castle,16.88,7.61,5.0,1.0,Castle,1429458196,0.0
13,-63.491,0.0,14.108,261.88,Craftsmen,14.23,5.2,5.0,1.0,Craftsmen,1429458196,0.0
14,-63.444,0.0,7.828,346.0,Craftsmen,5.85,2.42,5.0,1.0,Craftsmen,1429458196,0.0
15,-62.26,0.0,11.225,76.0,Craftsmen,7.56,5.19,5.0,1.0,Craftsmen,1429458196,0.0
16,-59.043,0.0,28.21,63.14,Craftsmen,16.64,6.94,5.0,1.0,Craftsmen,1429458196,0.0
17,-57.455,0.0,65.434,190.11,Craftsmen,6.05,4.9,5.0,1.0,Craftsmen,1429458196,0.0
18,-56.932,0.0,7.944,150.86,Craftsmen,8.97,7.35,5.0,1.0,Craftsmen,1429458196,0.0
19,-55.93,0.0,62.002,104.22,Craftsmen,4.89,4.62,5.0,1.0,Craftsmen,1429458196,0.0
20,-55.913,0.0,14.344,330.86,Craftsmen,11.82,3.62,5.0,1.0,Craftsmen,1429458196,0.0
21,-54.407,0.0,57.805,104.22,Craftsmen,3.99,3.73,5.0,1.0,Craftsmen,1429458196,0.0
22,-53.073,0.0,20.051,330.86,Craftsmen,11.3,7.91,5.0,1.0,Craftsmen,1429458196,0.0
23,-52.22,0.0,54.773,187.05,Craftsmen,5.2,3.06,5.0,1.0,Craftsmen,1429458196,0.0
24,-52.011,0.0,63.157,104.22,Craftsmen,5.67,2.35,5.0,1.0,Craftsmen,1429458196,0.0
25,-51.804,0.0,30.179,243.14,Craftsmen,6.54,4.2,5.0,1.0,Craftsmen,1429458196,0.0
26,-51.288,0.0,24.796,338.38,Craftsmen,10.35,3.5,5.0,1.0,Craftsmen,1429458196,0.0
27,-51.222,0.0,53.417,207.39,Craftsmen,4.34,1.48,5.0,1.0,Craftsmen,1429458196,0.0
28,-51.151,0.0,51.354,188.1,Craftsmen,4.05,3.8,5.0,1.0,Craftsmen,1429458196,0.0
29,-50.389,0.0,59.038,192.94,Craftsmen,3.51,1.94,5.0,1.0,Craftsmen,1429458196,0.0
30,-50.373,0.0,68.015,190.11,Craftsmen,8.1,2.3,5.0,1.0,Craftsmen,1429458196,0.0
31,-50.07,0.0,48.471,98.1,Craftsmen,4.12,2.72,5.0,1.0,Craftsmen,1429458196,0.0
32,-49.96,0.0,57.268,192.94,Craftsmen,3.47,1.7,5.0,1.0,Craftsmen,1429458196,0.0
33,-49.802,0.0,38.046,255.65,Craftsmen,7.82,4.1,5.0,1.0,Craftsmen,1429458196,0.0
34,-48.0,0.0,64.173,101.71,Craftsmen,5.9,4.97,5.0,1.0,Craftsmen,1429458196,0.0
35,-47.41,0.0,28.421,248.38,Craftsmen,6.1,5.81,5.0,1.0,Craftsmen,1429458196,0.0
36,-47.225,0.0,54.203,278.1,Craftsmen,5.48,3.33,5.0,1.0,Craftsmen,1429458196,0.0
37,-46.907,0.0,36.443,61.85,Craftsmen,7.22,4.08,5.0,1.0,Craftsmen,1429458196,0.0
38,-46.799,0.0,6.37,163.66,Craftsmen,11.17,8.1,5.0,1.0,Craftsmen,1429458196,0.0
39,-46.426,0.0,58.86,192.94,Craftsmen,4.14,4.06,5.0,1.0,Craftsmen,1429458196,0.0
40,-45.913,0.0,42.752,183.07,Craftsmen,9.48,6.0,5.0,1.0,Craftsmen,1429458196,0.0
41,-44.454,0.0,54.804,282.47,Craftsmen,5.18,2.73,5.0,1.0,Craftsmen,1429458196,0.0
42,-44.001,0.0,20.087,68.38,Craftsmen,7.12,5.47,5.0,1.0,Craftsmen,1429458196,0.0
43,-43.753,0.0,63.902,189.85,Craftsmen,3.33,2.81,5.0,1.0,Craftsmen,1429458196,0.0
44,-43.718,0.0,13.131,343.66,Craftsmen,11.78,6.61,5.0,1.0,Craftsmen,1429458196,0.0
45,-43.61,0.0,50.882,12.47,Craftsmen,2.78,1.64,5.0,1.0,Craftsmen,1429458196,0.0
46,-43.477,0.0,68.192,190.11,Craftsmen,5.64,4.37,5.0,1.0,Craftsmen,1429458196,0.0
47,-43.295,0.0,48.34,102.47,Craftsmen,3.46,3.26,5.0,1.0,Craftsmen,1429458196,0.0
48,-42.709,0.0,34.193,63.63,Craftsmen,7.39,5.67,5.0,1.0,Craftsmen,1429458196,0.0
49,-42.16,0.0,41.633,93.07,Craftsmen,8.64,4.67,5.0,1.0,Craftsmen,1429458196,0.0
50,-42.109,0.0,60.117,98.88,Craftsmen,5.24,5.18,5.0,1.0,Craftsmen,1429458196,0.0
51,-41.156,0.0,64.354,98.88,Craftsmen,2.84,1.99,5.0,1.0,Craftsmen,1429458196,0.0
52,-41.041,0.0,56.275,187.05,Craftsmen,3.65,2.82,5.0,1.0,Craftsmen,1429458196,0.0
53,-40.636,0.0,54.084,187.05,Craftsmen,3.38,1.63,5.0,1.0,Craftsmen,1429458196,0.0
54,-40.263,0.0,50.332,282.47,Craftsmen,6.65,2.32,5.0,1.0,Craftsmen,1429458196,0.0
55,-39.198,0.0,69.206,104.74,Craftsmen,5.1,2.36,5.0,1.0,Craftsmen,1429458196,0.0
56,-39.113,0.0,24.801,338.38,Craftsmen,11.09,5.25,5.0,1.0,Craftsmen,1429458196,0.0
57,-38.849,0.0,18.044,69.45,Craftsmen,7.22,5.75,5.0,1.0,Craftsmen,1429458196,0.0
58,-38.825,0.0,51.747,92.73,Craftsmen,3.47,1.71,5.0,1.0,Craftsmen,1429458196,0.0
59,-38.443,0.0,42.877,63.63,Craftsmen,10.76,5.73,5.0,1.0,Craftsmen,1429458196,0.0
60,-38.106,0.0,65.06,8.88,Craftsmen,3.05,2.51,5.0,1.0,Craftsmen,1429458196,0.0
61,-37.81,0.0,63.232,8.88,Craftsmen,3.07,1.2,5.0,1.0,Craftsmen,1429458196,0.0
62,-37.729,0.0,31.149,61.85,Craftsmen,6.55,4.81,5.0,1.0,Craftsmen,1429458196,0.0
63,-37.565,0.0,61.662,9.85,Craftsmen,3.11,2.03,5.0,1.0,Craftsmen,1429458196,0.0
64,-37.329,0.0,55.927,92.73,Craftsmen,4.73,3.96,5.0,1.0,Craftsmen,1429458196,0.0
65,-37.268,0.0,48.659,3.07,Craftsmen,4.54,2.87,5.0,1.0,Craftsmen,1429458196,0.0
66,-37.18,0.0,59.468,7.05,Craftsmen,3.23,2.57,5.0,1.0,Craftsmen,1429458196,0.0
67,-37.139,0.0,72.339,223.33,Craftsmen,3.02,1.62,5.0,1.0,Craftsmen,1429458196,0.0
68,-36.564,0.0,51.855,92.73,Craftsmen,3.47,2.82,5.0,1.0,Craftsmen,1429458196,0.0
69,-36.126,0.0,6.636,5.61,Craftsmen,11.85,4.9,5.0,1.0,Craftsmen,1429458196,0.0
70,-35.967,0.0,69.782,284.74,Craftsmen,5.13,4.18,5.0,1.0,Craftsmen,1429458196,0.0
71,-35.386,0.0,65.055,99.85,Craftsmen,3.4,2.35,5.0,1.0,Craftsmen,1429458196,0.0
72,-35.363,0.0,73.808,92.61,Craftsmen,3.85,2.45,5.0,1.0,Craftsmen,1429458196,0.0
73,-35.319,0.0,9.63,101.76,Craftsmen,9.75,8.46,5.0,1.0,Craftsmen,1429458196,0.0
74,-34.523,0.0,29.065,89.86,Craftsmen,7.67,5.25,5.0,1.0,Craftsmen,1429458196,0.0
75,-33.725,0.0,-25.759,319.01,Craftsmen,2.88,1.0,5.0,1.0,Craftsmen,1429458196,0.0
76,-33.604,0.0,61.035,182.61,Craftsmen,5.17,5.12,5.0,1.0,Craftsmen,1429458196,0.0
77,-33.56,0.0,72.995,133.33,Craftsmen,4.17,2.16,5.0,1.0,Craftsmen,1429458196,0.0
78,-33.485,0.0,17.961,249.45,Craftsmen,9.64,4.36,5.0,1.0,Craftsmen,1429458196,0.0
79,-33.17,0.0,75.384,92.61,Craftsmen,6.06,2.99,5.0,1.0,Craftsmen,1429458196,0.0
80,-33.094,0.0,56.459,92.61,Craftsmen,4.77,4.56,5.0,1.0,Craftsmen,1429458196,0.0
81,-32.908,0.0,52.506,182.61,Craftsmen,4.55,1.94,5.0,1.0,Craftsmen,1429458196,0.0
82,-32.899,0.0,70.973,182.61,Craftsmen,2.86,2.04,5.0,1.0,Craftsmen,1429458196,0.0
83,-32.84,0.0,65.524,92.61,Craftsmen,3.78,3.23,5.0,1.0,Craftsmen,1429458196,0.0
84,-32.831,0.0,68.987,9.85,Craftsmen,3.12,2.27,5.0,1.0,Craftsmen,1429458196,0.0
85,-32.764,0.0,49.498,182.73,Craftsmen,4.55,4.09,5.0,1.0,Craftsmen,1429458196,0.0
86,-32.716,0.0,41.657,243.63,Craftsmen,9.46,4.41,5.0,1.0,Craftsmen,1429458196,0.0
87,-32.552,0.0,-24.67,313.37,Craftsmen,2.79,2.47,5.0,1.0,Craftsmen,1429458196,0.0
88,-31.394,0.0,-23.318,319.01,Craftsmen,2.56,1.33,5.0,1.0,Craftsmen,1429458196,0.0
89,-30.382,0.0,78.161,106.75,Craftsmen,4.06,2.7,5.0,1.0,Craftsmen,1429458196,0.0
90,-30.05,0.0,-26.46,49.01,Craftsmen,4.76,3.59,5.0,1.0,Craftsmen,1429458196,0.0
91,-29.857,0.0,34.79,269.86,Craftsmen,7.46,2.85,5.0,1.0,Craftsmen,1429458196,0.0
92,-29.779,0.0,66.88,94.14,Craftsmen,3.29,1.9,5.0,1.0,Craftsmen,1429458196,0.0
93,-29.731,0.0,74.773,16.75,Craftsmen,3.41,2.8,5.0,1.0,Craftsmen,1429458196,0.0
94,-29.459,0.0,41.773,115.61,Craftsmen,10.15,6.08,5.0,1.0,Craftsmen,1429458196,0.0
95,-29.332,0.0,-21.345,223.37,Craftsmen,3.71,2.38,5.0,1.0,Craftsmen,1429458196,0.0
96,-29.33,0.0,12.396,281.76,Craftsmen,7.16,2.39,5.0,1.0,Craftsmen,1429458196,0.0
97,-29.111,0.0,23.28,203.93,Craftsmen,7.81,5.2,5.0,1.0,Craftsmen,1429458196,0.0
98,-28.974,0.0,60.439,89.18,Craftsmen,4.47,3.07,5.0,1.0,Craftsmen,1429458196,0.0
99,-28.625,0.0,18.772,188.96,Craftsmen,6.64,5.34,5.0,1.0,Craftsmen,1429458196,0.0
100,-28.401,0.0,53.594,188.68,Craftsmen,3.54,2.3,5.0,1.0,Craftsmen,1429458196,0.0
101,-28.317,0.0,51.722,2.61,Craftsmen,3.35,1.79,5.0,1.0,Craftsmen,1429458196,0.0
102,-28.31,0.0,-29.02,58.42,Craftsmen,3.7,2.89,5.0,1.0,Craftsmen,1429458196,0.0
103,-28.206,0.0,49.276,3.07,Craftsmen,3.37,3.13,5.0,1.0,Craftsmen,1429458196,0.0
104,-27.955,0.0,71.408,14.18,Craftsmen,6.76,3.78,5.0,1.0,Craftsmen,1429458196,0.0
105,-27.952,0.0,63.686,4.14,Craftsmen,5.23,2.14,5.0,1.0,Craftsmen,1429458196,0.0
106,-27.506,0.0,-22.685,232.63,Craftsmen,3.36,2.65,5.0,1.0,Craftsmen,1429458196,0.0
107,-27.203,0.0,67.663,194.18,Craftsmen,3.68,2.65,5.0,1.0,Craftsmen,1429458196,0.0
108,-27.133,0.0,66.009,184.14,Craftsmen,3.26,1.17,5.0,1.0,Craftsmen,1429458196,0.0
109,-26.976,0.0,30.571,23.93,Craftsmen,11.42,4.4,5.0,1.0,Craftsmen,1429458196,0.0
110,-26.727,0.0,-26.955,328.42,Craftsmen,2.35,1.47,5.0,1.0,Craftsmen,1429458196,0.0
111,-26.602,0.0,81.206,20.86,Craftsmen,5.41,4.23,5.0,1.0,Craftsmen,1429458196,0.0
112,-26.589,0.0,8.897,38.45,Craftsmen,8.88,3.56,5.0,1.0,Craftsmen,1429458196,0.0
113,-26.479,0.0,12.317,128.45,Craftsmen,8.79,5.45,5.0,1.0,Craftsmen,1429458196,0.0
114,-26.457,0.0,56.629,8.68,Craftsmen,7.88,3.11,5.0,1.0,Craftsmen,1429458196,0.0
115,-26.362,0.0,60.385,94.14,Craftsmen,4.67,2.53,5.0,1.0,Craftsmen,1429458196,0.0
116,-26.142,0.0,34.077,115.61,Craftsmen,9.98,6.75,5.0,1.0,Craftsmen,1429458196,0.0
117,-26.128,0.0,-19.724,313.37,Craftsmen,4.43,1.98,5.0,1.0,Craftsmen,1429458196,0.0
118,-25.421,0.0,-32.461,154.9,Craftsmen,4.53,2.7,5.0,1.0,Craftsmen,1429458196,0.0
119,-25.193,0.0,25.302,123.0,Craftsmen,4.78,3.22,5.0,1.0,Craftsmen,1429458196,0.0
120,-24.997,0.0,-17.114,49.94,Craftsmen,3.92,2.65,5.0,1.0,Craftsmen,1429458196,0.0
121,-24.861,0.0,77.269,16.75,Craftsmen,6.16,4.77,5.0,1.0,Craftsmen,1429458196,0.0
122,-24.857,0.0,82.351,110.86,Craftsmen,5.13,2.17,5.0,1.0,Craftsmen,1429458196,0.0
123,-24.623,0.0,-23.516,232.63,Craftsmen,5.54,2.94,5.0,1.0,Craftsmen,1429458196,0.0
124,-24.478,0.0,52.862,96.44,Craftsmen,5.12,4.76,5.0,1.0,Craftsmen,1429458196,0.0
125,-24.474,0.0,23.228,33.0,Craftsmen,4.28,2.36,5.0,1.0,Craftsmen,1429458196,0.0
126,-24.404,0.0,-29.321,238.42,Craftsmen,3.0,2.88,5.0,1.0,Craftsmen,1429458196,0.0
127,-24.056,0.0,49.197,3.07,Craftsmen,4.91,2.53,5.0,1.0,Craftsmen,1429458196,0.0
128,-23.653,0.0,67.881,98.14,Craftsmen,4.32,3.06,5.0,1.0,Craftsmen,1429458196,0.0
129,-23.231,0.0,72.657,104.18,Craftsmen,3.88,1.81,5.0,1.0,Craftsmen,1429458196,0.0
130,-23.081,0.0,-27.239,328.42,Craftsmen,2.96,1.94,5.0,1.0,Craftsmen,1429458196,0.0
131,-22.745,0.0,-19.063,58.42,Craftsmen,4.45,3.83,5.0,1.0,Craftsmen,1429458196,0.0
132,-22.741,0.0,18.886,123.0,Craftsmen,6.81,6.1,5.0,1.0,Craftsmen,1429458196,0.0
133,-22.499,0.0,-30.194,244.9,Craftsmen,2.69,1.59,5.0,1.0,Craftsmen,1429458196,0.0
134,-22.322,0.0,-26.039,154.88,Craftsmen,3.08,1.22,5.0,1.0,Craftsmen,1429458196,0.0
135,-22.098,0.0,60.598,179.18,Craftsmen,5.26,4.99,5.0,1.0,Craftsmen,1429458196,0.0
136,-21.985,0.0,64.011,188.14,Craftsmen,5.6,2.62,5.0,1.0,Craftsmen,1429458196,0.0
137,-21.42,0.0,73.088,110.86,Craftsmen,4.13,2.34,5.0,1.0,Craftsmen,1429458196,0.0
138,-21.301,0.0,68.31,98.14,Craftsmen,4.5,1.72,5.0,1.0,Craftsmen,1429458196,0.0
139,-21.222,0.0,43.997,183.07,Craftsmen,14.14,6.16,5.0,1.0,Craftsmen,1429458196,0.0
140,-20.957,0.0,-27.748,58.89,Craftsmen,3.3,1.22,5.0,1.0,Craftsmen,1429458196,0.0
141,-20.763,0.0,14.157,188.96,Craftsmen,8.8,6.23,5.0,1.0,Craftsmen,1429458196,0.0
142,-20.733,0.0,27.415,203.93,Craftsmen,6.14,4.43,5.0,1.0,Craftsmen,1429458196,0.0
143,-20.675,0.0,-23.369,238.42,Craftsmen,5.38,3.0,5.0,1.0,Craftsmen,1429458196,0.0
144,-20.583,0.0,54.539,276.44,Craftsmen,6.36,3.35,5.0,1.0,Craftsmen,1429458196,0.0
145,-19.686,0.0,68.43,110.86,Craftsmen,4.93,2.42,5.0,1.0,Craftsmen,1429458196,0.0
146,-19.296,0.0,-19.875,68.94,Craftsmen,2.43,2.03,5.0,1.0,Craftsmen,1429458196,0.0
147,-18.426,0.0,23.952,214.52,Craftsmen,5.55,3.63,5.0,1.0,Craftsmen,1429458196,0.0
148,-18.279,0.0,49.813,186.44,Craftsmen,6.87,3.55,5.0,1.0,Craftsmen,1429458196,0.0
149,-18.032,0.0,64.169,110.86,Craftsmen,3.57,2.37,5.0,1.0,Craftsmen,1429458196,0.0
150,-17.262,0.0,60.485,269.18,Craftsmen,4.9,3.22,5.0,1.0,Craftsmen,1429458196,0.0
151,-17.149,0.0,54.442,269.18,Craftsmen,5.98,4.24,5.0,1.0,Craftsmen,1429458196,0.0
152,-16.884,0.0,21.442,33.0,Craftsmen,5.31,2.4,5.0,1.0,Craftsmen,1429458196,0.0
153,-16.784,0.0,29.723,293.93,Craftsmen,3.42,2.96,5.0,1.0,Craftsmen,1429458196,0.0
154,-15.12,0.0,18.682,38.45,Craftsmen,5.72,4.63,5.0,1.0,Craftsmen,1429458196,0.0
155,-14.948,0.0,-55.675,160.75,Craftsmen,8.44,6.72,5.0,1.0,Craftsmen,1429458196,0.0
156,-14.902,0.0,26.325,124.52,Craftsmen,3.71,3.14,5.0,1.0,Craftsmen,1429458196,0.0
157,-13.292,0.0,-49.526,154.07,Craftsmen,8.73,5.62,5.0,1.0,Craftsmen,1429458196,0.0
158,-13.218,0.0,31.608,203.93,Craftsmen,5.09,2.87,5.0,1.0,Craftsmen,1429458196,0.0
159,-12.102,0.0,22.299,308.45,Craftsmen,6.54,3.5,5.0,1.0,Craftsmen,1429458196,0.0
160,-11.007,0.0,25.622,109.77,Craftsmen,10.86,4.76,5.0,1.0,Craftsmen,1429458196,0.0
161,-10.999,0.0,50.86,9.53,Craftsmen,4.07,3.07,5.0,1.0,Craftsmen,1429458196,0.0
162,-10.983,0.0,-33.724,67.05,Craftsmen,2.78,1.41,5.0,1.0,Craftsmen,1429458196,0.0
163,-10.641,0.0,-37.263,33.86,Craftsmen,4.59,2.28,5.0,1.0,Craftsmen,1429458196,0.0
164,-10.182,0.0,59.952,5.87,Craftsmen,7.35,5.47,5.0,1.0,Craftsmen,1429458196,0.0
165,-10.047,0.0,46.974,12.63,Craftsmen,4.6,3.96,5.0,1.0,Craftsmen,1429458196,0.0
166,-9.731,0.0,-41.811,64.07,Craftsmen,11.37,9.07,5.0,1.0,Craftsmen,1429458196,0.0
167,-9.674,0.0,-30.825,238.68,Craftsmen,3.67,1.82,5.0,1.0,Craftsmen,1429458196,0.0
168,-9.082,0.0,42.666,282.54,Craftsmen,4.88,4.61,5.0,1.0,Craftsmen,1429458196,0.0
169,-8.663,0.0,-35.104,157.05,Craftsmen,3.93,2.92,5.0,1.0,Craftsmen,1429458196,0.0
170,-8.068,0.0,38.144,10.01,Craftsmen,4.81,4.61,5.0,1.0,Craftsmen,1429458196,0.0
171,-7.673,0.0,55.68,9.53,Craftsmen,4.09,3.81,5.0,1.0,Craftsmen,1429458196,0.0
172,-7.596,0.0,-31.971,247.05,Craftsmen,3.68,3.46,5.0,1.0,Craftsmen,1429458196,0.0
173,-7.311,0.0,-28.189,321.46,Craftsmen,5.51,3.66,5.0,1.0,Craftsmen,1429458196,0.0
174,-7.093,0.0,33.762,190.01,Craftsmen,4.58,2.36,5.0,1.0,Craftsmen,1429458196,0.0
175,-6.871,0.0,51.94,9.53,Craftsmen,4.43,3.83,5.0,1.0,Craftsmen,1429458196,0.0
176,-6.645,0.0,29.112,102.75,Craftsmen,2.87,2.11,5.0,1.0,Craftsmen,1429458196,0.0
177,-6.346,0.0,31.863,199.77,Craftsmen,4.23,2.39,5.0,1.0,Craftsmen,1429458196,0.0
178,-5.481,0.0,-60.152,160.75,Craftsmen,12.39,8.93,5.0,1.0,Craftsmen,1429458196,0.0
179,-4.579,0.0,29.557,109.77,Craftsmen,3.15,2.44,5.0,1.0,Craftsmen,1429458196,0.0
180,-4.407,0.0,47.128,282.63,Craftsmen,5.57,5.27,5.0,1.0,Craftsmen,1429458196,0.0
181,-4.354,0.0,-34.2,261.94,Craftsmen,4.78,2.65,5.0,1.0,Craftsmen,1429458196,0.0
182,-4.078,0.0,-30.194,261.94,Craftsmen,3.23,2.07,5.0,1.0,Craftsmen,1429458196,0.0
183,-3.884,0.0,60.157,180.0,Craftsmen,7.18,4.28,5.0,1.0,Craftsmen,1429458196,0.0
184,-3.808,0.0,-52.913,340.75,Craftsmen,10.7,4.64,5.0,1.0,Craftsmen,1429458196,0.0
185,-3.545,0.0,26.437,192.75,Craftsmen,6.34,3.72,5.0,1.0,Craftsmen,1429458196,0.0
186,-3.393,0.0,-32.654,171.94,Craftsmen,3.13,1.45,5.0,1.0,Craftsmen,1429458196,0.0
187,-3.29,0.0,33.567,280.01,Craftsmen,4.07,2.84,5.0,1.0,Craftsmen,1429458196,0.0
188,-3.252,0.0,40.521,102.63,Craftsmen,7.83,4.64,5.0,1.0,Craftsmen,1429458196,0.0
189,-2.822,0.0,54.945,97.41,Craftsmen,8.58,6.21,5.0,1.0,Craftsmen,1429458196,0.0
190,-2.711,0.0,-27.801,140.42,Craftsmen,3.93,2.59,5.0,1.0,Craftsmen,1429458196,0.0
191,-2.457,0.0,-37.086,329.34,Craftsmen,4.83,2.08,5.0,1.0,Craftsmen,1429458196,0.0
192,-2.446,0.0,30.349,102.75,Craftsmen,3.43,2.47,5.0,1.0,Craftsmen,1429458196,0.0
193,-2.423,0.0,-43.77,244.07,Craftsmen,7.79,4.59,5.0,1.0,Craftsmen,1429458196,0.0
194,-2.288,0.0,-34.658,48.04,Craftsmen,2.58,1.33,5.0,1.0,Craftsmen,1429458196,0.0
195,-2.286,0.0,-49.94,334.07,Craftsmen,10.23,3.19,5.0,1.0,Craftsmen,1429458196,0.0
196,-1.474,0.0,22.22,307.22,Craftsmen,7.94,5.53,5.0,1.0,Craftsmen,1429458196,0.0
197,-1.335,0.0,-26.263,320.42,Craftsmen,3.76,1.53,5.0,1.0,Craftsmen,1429458196,0.0
198,-0.465,0.0,-35.998,318.04,Craftsmen,3.17,3.02,5.0,1.0,Craftsmen,1429458196,0.0
199,-0.38,0.0,-29.77,323.27,Craftsmen,2.28,2.06,5.0,1.0,Craftsmen,1429458196,0.0
200,-0.32,0.0,47.807,279.53,Craftsmen,5.29,3.29,5.0,1.0,Craftsmen,1429458196,0.0
201,0.343,0.0,41.36,97.41,Craftsmen,8.11,3.44,5.0,1.0,Craftsmen,1429458196,0.0
202,0.456,0.0,-33.318,327.51,Craftsmen,3.95,1.68,5.0,1.0,Craftsmen,1429458196,0.0
203,0.527,0.0,34.622,190.01,Craftsmen,4.18,3.32,5.0,1.0,Craftsmen,1429458196,0.0
204,0.749,0.0,-25.552,320.42,Craftsmen,5.82,2.22,5.0,1.0,Craftsmen,1429458196,0.0
205,0.757,0.0,-22.666,56.48,Craftsmen,3.23,2.26,5.0,1.0,Craftsmen,1429458196,0.0
206,0.846,0.0,-28.293,140.42,Craftsmen,2.18,1.88,5.0,1.0,Craftsmen,1429458196,0.0
207,1.071,0.0,32.001,190.01,Craftsmen,4.02,2.03,5.0,1.0,Craftsmen,1429458196,0.0
208,1.343,0.0,-38.473,237.51,Craftsmen,3.63,1.88,5.0,1.0,Craftsmen,1429458196,0.0
209,2.019,0.0,-46.141,244.07,Craftsmen,7.41,5.47,5.0,1.0,Craftsmen,1429458196,0.0
210,2.435,0.0,-23.614,56.48,Craftsmen,3.5,1.59,5.0,1.0,Craftsmen,1429458196,0.0
211,2.678,0.0,49.475,277.41,Craftsmen,5.53,2.08,5.0,1.0,Craftsmen,1429458196,0.0
212,3.598,0.0,-39.808,239.34,Craftsmen,3.57,3.47,5.0,1.0,Craftsmen,1429458196,0.0
213,4.031,0.0,-31.828,51.83,Craftsmen,4.06,2.02,5.0,1.0,Craftsmen,1429458196,0.0
214,4.056,0.0,-25.68,326.48,Craftsmen,3.4,1.85,5.0,1.0,Craftsmen,1429458196,0.0
215,4.423,0.0,-36.753,327.51,Craftsmen,5.23,2.58,5.0,1.0,Craftsmen,1429458196,0.0
216,4.48,0.0,57.359,277.41,Craftsmen,10.96,7.69,5.0,1.0,Craftsmen,1429458196,0.0
217,4.839,0.0,45.529,187.41,Craftsmen,5.35,2.85,5.0,1.0,Craftsmen,1429458196,0.0
218,4.953,0.0,-24.02,331.27,Craftsmen,3.25,2.19,5.0,1.0,Craftsmen,1429458196,0.0
219,5.003,0.0,42.947,187.41,Craftsmen,5.01,2.31,5.0,1.0,Craftsmen,1429458196,0.0
220,5.116,0.0,-33.889,323.27,Craftsmen,2.29,2.03,5.0,1.0,Craftsmen,1429458196,0.0
221,5.257,0.0,39.938,187.41,Craftsmen,4.74,3.72,5.0,1.0,Craftsmen,1429458196,0.0
222,5.401,0.0,49.535,271.79,Craftsmen,5.35,3.87,5.0,1.0,Craftsmen,1429458196,0.0
223,5.449,0.0,-29.819,141.83,Craftsmen,2.27,1.52,5.0,1.0,Craftsmen,1429458196,0.0
224,5.907,0.0,-61.678,349.19,Craftsmen,11.08,5.74,5.0,1.0,Craftsmen,1429458196,0.0
225,6.397,0.0,-34.88,233.27,Craftsmen,1.98,0.95,5.0,1.0,Craftsmen,1429458196,0.0
226,6.51,0.0,-56.641,340.75,Craftsmen,10.47,4.41,5.0,1.0,Craftsmen,1429458196,0.0
227,6.686,0.0,-42.622,149.55,Craftsmen,3.52,1.89,5.0,1.0,Craftsmen,1429458196,0.0
228,7.077,0.0,-32.151,51.83,Craftsmen,3.18,3.17,5.0,1.0,Craftsmen,1429458196,0.0
229,7.298,0.0,-40.586,329.55,Craftsmen,2.51,2.24,5.0,1.0,Craftsmen,1429458196,0.0
230,7.356,0.0,-35.611,233.27,Craftsmen,1.95,1.46,5.0,1.0,Craftsmen,1429458196,0.0
231,7.38,0.0,-26.876,66.23,Craftsmen,5.17,2.88,5.0,1.0,Craftsmen,1429458196,0.0
232,7.765,0.0,-53.632,337.11,Craftsmen,7.45,2.75,5.0,1.0,Craftsmen,1429458196,0.0
233,7.822,0.0,-50.203,247.11,Craftsmen,9.11,7.58,5.0,1.0,Craftsmen,1429458196,0.0
234,8.636,0.0,-33.413,59.55,Craftsmen,3.32,1.26,5.0,1.0,Craftsmen,1429458196,0.0
235,8.816,0.0,-41.474,56.24,Craftsmen,2.3,1.14,5.0,1.0,Craftsmen,1429458196,0.0
236,8.871,0.0,-39.021,146.24,Craftsmen,3.77,2.26,5.0,1.0,Craftsmen,1429458196,0.0
237,9.784,0.0,-44.979,146.24,Craftsmen,3.17,1.16,5.0,1.0,Craftsmen,1429458196,0.0
238,10.189,0.0,-36.075,145.72,Craftsmen,3.12,2.93,5.0,1.0,Craftsmen,1429458196,0.0
239,10.376,0.0,-28.437,59.55,Craftsmen,6.04,3.3,5.0,1.0,Craftsmen,1429458196,0.0
240,10.939,0.0,59.58,18.9,Craftsmen,8.79,7.23,5.0,1.0,Craftsmen,1429458196,0.0
241,11.596,0.0,-33.875,145.72,Craftsmen,3.28,2.29,5.0,1.0,Craftsmen,1429458196,0.0
242,11.658,0.0,-40.889,236.24,Craftsmen,2.27,1.74,5.0,1.0,Craftsmen,1429458196,0.0
243,12.748,0.0,-57.136,270.93,Craftsmen,6.16,2.15,5.0,1.0,Craftsmen,1429458196,0.0
244,12.995,0.0,-41.782,55.29,Craftsmen,2.3,1.51,5.0,1.0,Craftsmen,1429458196,0.0
245,13.33,0.0,-38.99,145.72,Craftsmen,4.15,1.58,5.0,1.0,Craftsmen,1429458196,0.0
246,13.34,0.0,17.862,183.17,Craftsmen,6.07,2.8,5.0,1.0,Craftsmen,1429458196,0.0
247,13.534,0.0,26.078,111.38,Craftsmen,3.39,2.42,5.0,1.0,Craftsmen,1429458196,0.0
248,13.692,0.0,-37.16,145.72,Craftsmen,2.69,1.85,5.0,1.0,Craftsmen,1429458196,0.0
249,14.278,0.0,-2.401,83.85,Craftsmen,3.79,1.71,5.0,1.0,Craftsmen,1429458196,0.0
250,14.364,0.0,7.261,88.48,Craftsmen,1.95,1.09,5.0,1.0,Craftsmen,1429458196,0.0
251,14.772,0.0,-35.576,145.29,Craftsmen,2.7,2.01,5.0,1.0,Craftsmen,1429458196,0.0
252,14.942,0.0,-53.186,166.87,Craftsmen,7.68,3.23,5.0,1.0,Craftsmen,1429458196,0.0
253,15.412,0.0,3.382,6.66,Craftsmen,3.7,1.94,5.0,1.0,Craftsmen,1429458196,0.0
254,15.554,0.0,13.124,88.48,Craftsmen,4.18,3.15,5.0,1.0,Craftsmen,1429458196,0.0
255,15.666,0.0,24.723,9.86,Craftsmen,5.43,1.67,5.0,1.0,Craftsmen,1429458196,0.0
256,15.672,0.0,-48.06,346.87,Craftsmen,8.58,7.08,5.0,1.0,Craftsmen,1429458196,0.0
257,15.852,0.0,9.313,358.48,Craftsmen,3.95,2.23,5.0,1.0,Craftsmen,1429458196,0.0
258,15.868,0.0,-29.625,332.97,Craftsmen,6.41,3.71,5.0,1.0,Craftsmen,1429458196,0.0
259,15.888,0.0,27.193,111.38,Craftsmen,3.75,2.78,5.0,1.0,Craftsmen,1429458196,0.0
260,15.971,0.0,-37.517,235.29,Craftsmen,3.83,1.48,5.0,1.0,Craftsmen,1429458196,0.0
261,16.287,0.0,-56.983,270.93,Craftsmen,5.97,4.93,5.0,1.0,Craftsmen,1429458196,0.0
262,16.339,0.0,7.209,178.48,Craftsmen,2.87,1.95,5.0,1.0,Craftsmen,1429458196,0.0
263,16.478,0.0,5.85,6.66,Craftsmen,5.66,1.52,5.0,1.0,Craftsmen,1429458196,0.0
264,16.529,0.0,-3.807,353.85,Craftsmen,3.07,1.47,5.0,1.0,Craftsmen,1429458196,0.0
265,16.546,0.0,-1.915,359.11,Craftsmen,2.94,2.57,5.0,1.0,Craftsmen,1429458196,0.0
266,16.777,0.0,-34.04,152.97,Craftsmen,4.44,2.13,5.0,1.0,Craftsmen,1429458196,0.0
267,17.917,0.0,3.036,96.66,Craftsmen,3.21,1.2,5.0,1.0,Craftsmen,1429458196,0.0
268,18.09,0.0,21.936,279.86,Craftsmen,3.46,2.7,5.0,1.0,Craftsmen,1429458196,0.0
269,18.255,0.0,8.224,97.22,Craftsmen,4.37,1.52,5.0,1.0,Craftsmen,1429458196,0.0
270,18.441,0.0,-62.151,186.05,Craftsmen,13.89,5.23,5.0,1.0,Craftsmen,1429458196,0.0
271,19.13,0.0,30.275,163.8,Craftsmen,7.05,3.41,5.0,1.0,Craftsmen,1429458196,0.0
272,19.549,0.0,-31.365,55.29,Craftsmen,4.15,2.6,5.0,1.0,Craftsmen,1429458196,0.0
273,19.601,0.0,0.894,359.11,Craftsmen,4.2,1.94,5.0,1.0,Craftsmen,1429458196,0.0
274,19.748,0.0,-3.666,171.15,Craftsmen,3.91,2.6,5.0,1.0,Craftsmen,1429458196,0.0
275,19.773,0.0,35.04,159.1,Craftsmen,13.97,6.55,5.0,1.0,Craftsmen,1429458196,0.0
276,19.892,0.0,3.267,276.66,Craftsmen,3.21,2.78,5.0,1.0,Craftsmen,1429458196,0.0
277,19.924,0.0,18.724,90.69,Craftsmen,4.74,3.46,5.0,1.0,Craftsmen,1429458196,0.0
278,20.097,0.0,-1.67,179.11,Craftsmen,4.15,1.97,5.0,1.0,Craftsmen,1429458196,0.0
279,20.171,0.0,-40.948,235.29,Craftsmen,11.09,7.34,5.0,1.0,Craftsmen,1429458196,0.0
280,20.336,0.0,10.217,277.22,Craftsmen,4.72,1.91,5.0,1.0,Craftsmen,1429458196,0.0
281,20.631,0.0,27.02,69.1,Craftsmen,9.4,6.65,5.0,1.0,Craftsmen,1429458196,0.0
282,21.064,0.0,15.726,180.69,Craftsmen,4.92,1.28,5.0,1.0,Craftsmen,1429458196,0.0
283,21.158,0.0,13.997,180.69,Craftsmen,4.77,2.18,5.0,1.0,Craftsmen,1429458196,0.0
284,21.719,0.0,2.682,81.15,Craftsmen,5.52,1.97,5.0,1.0,Craftsmen,1429458196,0.0
285,22.356,0.0,46.323,331.79,Craftsmen,8.16,5.02,5.0,1.0,Craftsmen,1429458196,0.0
286,22.447,0.0,6.933,187.22,Craftsmen,5.27,2.32,5.0,1.0,Craftsmen,1429458196,0.0
287,22.507,0.0,40.479,249.1,Craftsmen,5.57,3.0,5.0,1.0,Craftsmen,1429458196,0.0
288,22.572,0.0,18.499,270.69,Craftsmen,4.23,1.83,5.0,1.0,Craftsmen,1429458196,0.0
289,22.742,0.0,-53.864,346.87,Craftsmen,6.62,2.79,5.0,1.0,Craftsmen,1429458196,0.0
290,23.0,0.0,9.484,178.68,Craftsmen,4.09,3.24,5.0,1.0,Craftsmen,1429458196,0.0
291,23.076,0.0,11.726,178.68,Craftsmen,4.14,1.24,5.0,1.0,Craftsmen,1429458196,0.0
292,23.274,0.0,-2.931,83.85,Craftsmen,4.66,1.85,5.0,1.0,Craftsmen,1429458196,0.0
293,23.722,0.0,-49.48,346.87,Craftsmen,6.54,6.19,5.0,1.0,Craftsmen,1429458196,0.0
294,24.676,0.0,-29.506,344.44,Craftsmen,2.72,1.45,5.0,1.0,Craftsmen,1429458196,0.0
295,24.78,0.0,-41.411,256.87,Craftsmen,8.8,4.31,5.0,1.0,Craftsmen,1429458196,0.0
296,25.066,0.0,55.544,336.58,Craftsmen,7.05,4.88,5.0,1.0,Craftsmen,1429458196,0.0
297,25.142,0.0,50.581,156.58,Craftsmen,11.26,4.16,5.0,1.0,Craftsmen,1429458196,0.0
298,25.164,0.0,-27.763,344.34,Craftsmen,2.72,2.17,5.0,1.0,Craftsmen,1429458196,0.0
299,25.235,0.0,14.198,88.68,Craftsmen,2.6,2.27,5.0,1.0,Craftsmen,1429458196,0.0
300,25.488,0.0,0.537,2.53,Craftsmen,5.52,2.4,5.0,1.0,Craftsmen,1429458196,0.0
301,25.599,0.0,18.252,161.19,Craftsmen,3.86,1.89,5.0,1.0,Craftsmen,1429458196,0.0
302,25.662,0.0,3.735,0.52,Craftsmen,5.04,4.15,5.0,1.0,Craftsmen,1429458196,0.0
303,25.665,0.0,-34.132,325.29,Craftsmen,8.61,6.37,5.0,1.0,Craftsmen,1429458196,0.0
304,25.805,0.0,16.643,2.53,Craftsmen,3.46,2.39,5.0,1.0,Craftsmen,1429458196,0.0
305,25.984,0.0,58.652,343.39,Craftsmen,6.43,2.33,5.0,1.0,Craftsmen,1429458196,0.0
306,26.058,0.0,38.744,159.1,Craftsmen,4.87,4.86,5.0,1.0,Craftsmen,1429458196,0.0
307,26.25,0.0,-1.742,2.53,Craftsmen,4.2,2.22,5.0,1.0,Craftsmen,1429458196,0.0
308,26.4,0.0,-4.077,353.85,Craftsmen,4.62,3.05,5.0,1.0,Craftsmen,1429458196,0.0
309,26.436,0.0,22.757,159.1,Craftsmen,6.04,5.4,5.0,1.0,Craftsmen,1429458196,0.0
310,26.559,0.0,9.129,266.45,Craftsmen,6.36,3.19,5.0,1.0,Craftsmen,1429458196,0.0
311,26.647,0.0,-21.905,254.34,Craftsmen,4.75,2.41,5.0,1.0,Craftsmen,1429458196,0.0
312,26.779,0.0,-26.319,344.34,Craftsmen,5.05,1.48,5.0,1.0,Craftsmen,1429458196,0.0
313,26.966,0.0,14.152,92.53,Craftsmen,2.68,1.36,5.0,1.0,Craftsmen,1429458196,0.0
314,27.109,0.0,60.662,148.38,Craftsmen,6.97,3.85,5.0,1.0,Craftsmen,1429458196,0.0
315,27.189,0.0,-25.379,178.2,Craftsmen,5.31,1.68,5.0,1.0,Craftsmen,1429458196,0.0
316,27.401,0.0,-29.139,254.44,Craftsmen,3.62,2.33,5.0,1.0,Craftsmen,1429458196,0.0
317,27.885,0.0,43.528,249.1,Craftsmen,5.38,4.87,5.0,1.0,Craftsmen,1429458196,0.0
318,28.184,0.0,-17.176,254.34,Craftsmen,3.99,2.82,5.0,1.0,Craftsmen,1429458196,0.0
319,28.859,0.0,53.186,73.39,Craftsmen,3.86,2.2,5.0,1.0,Craftsmen,1429458196,0.0
320,29.196,0.0,66.697,59.88,Craftsmen,7.55,4.85,5.0,1.0,Craftsmen,1429458196,0.0
321,29.541,0.0,26.828,153.88,Craftsmen,9.45,5.21,5.0,1.0,Craftsmen,1429458196,0.0
322,29.712,0.0,-22.454,164.39,Craftsmen,5.83,4.16,5.0,1.0,Craftsmen,1429458196,0.0
323,29.792,0.0,-12.674,254.34,Craftsmen,4.6,3.49,5.0,1.0,Craftsmen,1429458196,0.0
324,29.904,0.0,-55.227,258.54,Craftsmen,14.78,6.84,5.0,1.0,Craftsmen,1429458196,0.0
325,30.088,0.0,-28.141,81.56,Craftsmen,7.43,3.15,5.0,1.0,Craftsmen,1429458196,0.0
326,30.241,0.0,-17.857,251.76,Craftsmen,3.86,1.68,5.0,1.0,Craftsmen,1429458196,0.0
327,30.806,0.0,55.358,153.49,Craftsmen,5.14,2.2,5.0,1.0,Craftsmen,1429458196,0.0
328,30.877,0.0,52.643,63.49,Craftsmen,4.26,2.59,5.0,1.0,Craftsmen,1429458196,0.0
329,30.941,0.0,-43.616,346.87,Craftsmen,8.93,7.31,5.0,1.0,Craftsmen,1429458196,0.0
330,31.689,0.0,62.216,328.38,Craftsmen,2.82,2.4,5.0,1.0,Craftsmen,1429458196,0.0
331,31.692,0.0,56.964,163.39,Craftsmen,5.47,2.3,5.0,1.0,Craftsmen,1429458196,0.0
332,31.718,0.0,-9.343,188.98,Craftsmen,5.59,3.64,5.0,1.0,Craftsmen,1429458196,0.0
333,31.991,0.0,32.828,149.63,Craftsmen,10.55,7.15,5.0,1.0,Craftsmen,1429458196,0.0
334,32.176,0.0,-18.454,251.76,Craftsmen,3.79,2.36,5.0,1.0,Craftsmen,1429458196,0.0
335,32.228,0.0,71.802,149.08,Craftsmen,6.13,4.4,5.0,1.0,Craftsmen,1429458196,0.0
336,32.251,0.0,-36.71,347.81,Craftsmen,8.45,6.87,5.0,1.0,Craftsmen,1429458196,0.0
337,32.673,0.0,58.937,343.39,Craftsmen,5.01,2.04,5.0,1.0,Craftsmen,1429458196,0.0
338,32.885,0.0,-30.886,261.56,Craftsmen,3.35,1.99,5.0,1.0,Craftsmen,1429458196,0.0
339,33.585,0.0,65.487,239.88,Craftsmen,5.24,2.76,5.0,1.0,Craftsmen,1429458196,0.0
340,33.668,0.0,-27.117,76.42,Craftsmen,4.82,2.87,5.0,1.0,Craftsmen,1429458196,0.0
341,34.356,0.0,-31.367,253.12,Craftsmen,3.09,1.54,5.0,1.0,Craftsmen,1429458196,0.0
342,34.359,0.0,-19.991,164.39,Craftsmen,2.83,1.89,5.0,1.0,Craftsmen,1429458196,0.0
343,34.482,0.0,-9.574,64.2,Craftsmen,4.55,2.49,5.0,1.0,Craftsmen,1429458196,0.0
344,34.823,0.0,25.034,26.9,Craftsmen,7.42,3.57,5.0,1.0,Craftsmen,1429458196,0.0
345,34.834,0.0,-18.279,161.76,Craftsmen,2.91,1.79,5.0,1.0,Craftsmen,1429458196,0.0
346,35.452,0.0,-23.535,164.39,Craftsmen,5.34,3.15,5.0,1.0,Craftsmen,1429458196,0.0
347,35.477,0.0,62.932,63.49,Craftsmen,7.94,3.55,5.0,1.0,Craftsmen,1429458196,0.0
348,35.632,0.0,38.836,158.64,Craftsmen,11.81,8.44,5.0,1.0,Craftsmen,1429458196,0.0
349,35.913,0.0,-15.669,341.76,Craftsmen,4.58,2.64,5.0,1.0,Craftsmen,1429458196,0.0
350,36.118,0.0,54.336,153.49,Craftsmen,4.08,3.49,5.0,1.0,Craftsmen,1429458196,0.0
351,36.29,0.0,-31.905,254.44,Craftsmen,3.06,2.55,5.0,1.0,Craftsmen,1429458196,0.0
352,36.342,0.0,46.392,158.64,Craftsmen,4.55,4.15,5.0,1.0,Craftsmen,1429458196,0.0
353,36.364,0.0,-11.985,64.2,Craftsmen,3.72,1.8,5.0,1.0,Craftsmen,1429458196,0.0
354,36.425,0.0,69.338,239.08,Craftsmen,4.31,2.41,5.0,1.0,Craftsmen,1429458196,0.0
355,36.454,0.0,-19.74,251.76,Craftsmen,3.55,1.08,5.0,1.0,Craftsmen,1429458196,0.0
356,36.764,0.0,-29.275,163.12,Craftsmen,3.1,2.31,5.0,1.0,Craftsmen,1429458196,0.0
357,37.393,0.0,56.974,145.81,Craftsmen,4.43,2.88,5.0,1.0,Craftsmen,1429458196,0.0
358,37.473,0.0,-26.955,166.42,Craftsmen,3.25,2.71,5.0,1.0,Craftsmen,1429458196,0.0
359,37.986,0.0,-12.81,72.31,Craftsmen,4.01,2.34,5.0,1.0,Craftsmen,1429458196,0.0
360,38.183,0.0,-50.943,260.57,Craftsmen,14.78,7.05,5.0,1.0,Craftsmen,1429458196,0.0
361,38.297,0.0,-9.714,342.31,Craftsmen,3.63,2.08,5.0,1.0,Craftsmen,1429458196,0.0
362,38.63,0.0,68.059,239.88,Craftsmen,4.28,2.75,5.0,1.0,Craftsmen,1429458196,0.0
363,38.932,0.0,-24.417,254.39,Craftsmen,2.97,1.84,5.0,1.0,Craftsmen,1429458196,0.0
364,39.108,0.0,-19.911,252.31,Craftsmen,4.75,4.11,5.0,1.0,Craftsmen,1429458196,0.0
365,39.172,0.0,63.762,26.45,Craftsmen,5.15,2.48,5.0,1.0,Craftsmen,1429458196,0.0
366,39.229,0.0,45.262,69.82,Craftsmen,4.19,1.73,5.0,1.0,Craftsmen,1429458196,0.0
367,39.465,0.0,53.766,235.81,Craftsmen,5.86,2.6,5.0,1.0,Craftsmen,1429458196,0.0
368,39.532,0.0,-33.775,163.12,Craftsmen,3.61,1.28,5.0,1.0,Craftsmen,1429458196,0.0
369,40.297,0.0,-31.951,343.12,Craftsmen,4.02,2.66,5.0,1.0,Craftsmen,1429458196,0.0
370,40.331,0.0,62.012,55.81,Craftsmen,8.75,4.25,5.0,1.0,Craftsmen,1429458196,0.0
371,40.458,0.0,-29.464,343.12,Craftsmen,2.88,2.2,5.0,1.0,Craftsmen,1429458196,0.0
372,40.508,0.0,-40.029,164.44,Craftsmen,9.01,8.33,5.0,1.0,Craftsmen,1429458196,0.0
373,40.611,0.0,-14.976,73.12,Craftsmen,4.42,4.04,5.0,1.0,Craftsmen,1429458196,0.0
374,40.769,0.0,-8.327,188.98,Craftsmen,10.6,4.45,5.0,1.0,Craftsmen,1429458196,0.0
375,41.22,0.0,-26.142,253.12,Craftsmen,4.65,2.41,5.0,1.0,Craftsmen,1429458196,0.0
376,41.745,0.0,-11.421,342.31,Craftsmen,3.98,3.1,5.0,1.0,Craftsmen,1429458196,0.0
377,41.754,0.0,52.402,239.03,Craftsmen,5.72,3.04,5.0,1.0,Craftsmen,1429458196,0.0
378,41.946,0.0,-34.94,187.85,Craftsmen,3.9,1.42,5.0,1.0,Craftsmen,1429458196,0.0
379,42.197,0.0,66.107,243.49,Craftsmen,4.28,4.45,5.0,1.0,Craftsmen,1429458196,0.0
380,42.593,0.0,-32.142,277.85,Craftsmen,2.75,1.8,5.0,1.0,Craftsmen,1429458196,0.0
381,42.726,0.0,-23.052,159.75,Craftsmen,3.57,1.14,5.0,1.0,Craftsmen,1429458196,0.0
382,42.836,0.0,32.044,239.63,Craftsmen,15.28,7.75,5.0,1.0,Craftsmen,1429458196,0.0
383,43.32,0.0,-30.293,163.82,Craftsmen,5.08,2.18,5.0,1.0,Craftsmen,1429458196,0.0
384,43.464,0.0,-21.07,163.12,Craftsmen,3.76,3.29,5.0,1.0,Craftsmen,1429458196,0.0
385,44.064,0.0,60.433,116.45,Craftsmen,6.39,3.82,5.0,1.0,Craftsmen,1429458196,0.0
386,44.174,0.0,49.066,78.45,Craftsmen,5.85,4.45,5.0,1.0,Craftsmen,1429458196,0.0
387,44.454,0.0,-27.153,253.82,Craftsmen,4.48,4.42,5.0,1.0,Craftsmen,1429458196,0.0
388,44.561,0.0,-17.245,78.14,Craftsmen,5.04,4.03,5.0,1.0,Craftsmen,1429458196,0.0
389,44.666,0.0,-31.839,91.51,Craftsmen,3.03,2.67,5.0,1.0,Craftsmen,1429458196,0.0
390,45.072,0.0,-34.661,344.44,Craftsmen,2.86,2.46,5.0,1.0,Craftsmen,1429458196,0.0
391,45.449,0.0,52.562,339.82,Craftsmen,3.71,2.09,5.0,1.0,Craftsmen,1429458196,0.0
392,45.779,0.0,-13.131,343.12,Craftsmen,3.58,2.64,5.0,1.0,Craftsmen,1429458196,0.0
393,45.782,0.0,-22.413,249.75,Craftsmen,4.46,1.72,5.0,1.0,Craftsmen,1429458196,0.0
394,46.271,0.0,-11.109,343.12,Craftsmen,3.35,1.51,5.0,1.0,Craftsmen,1429458196,0.0
395,46.607,0.0,-9.946,336.85,Craftsmen,3.34,1.27,5.0,1.0,Craftsmen,1429458196,0.0
396,46.847,0.0,-8.508,348.14,Craftsmen,3.15,2.23,5.0,1.0,Craftsmen,1429458196,0.0
397,46.956,0.0,55.642,235.81,Craftsmen,5.66,4.13,5.0,1.0,Craftsmen,1429458196,0.0
398,47.487,0.0,-5.934,78.14,Craftsmen,3.08,2.95,5.0,1.0,Craftsmen,1429458196,0.0
399,-265.404,0.0,-132.888,322.11,Farm,4.0,2.09,5.0,1.0,Farm,1429458196,0.0
400,-265.049,0.0,-130.63,232.11,Farm,1.91,1.79,5.0,1.0,Farm,1429458196,0.0
401,-263.47,0.0,-131.859,322.11,Farm,2.21,1.91,5.0,1.0,Farm,1429458196,0.0
402,-256.519,0.0,-51.644,196.79,Farm,2.36,2.18,5.0,1.0,Farm,1429458196,0.0
403,-254.583,0.0,-51.139,286.79,Farm,2.33,1.64,5.0,1.0,Farm,1429458196,0.0
404,-254.005,0.0,-53.053,286.79,Farm,1.67,1.64,5.0,1.0,Farm,1429458196,0.0
405,-248.798,0.0,86.35,271.5,Farm,4.0,1.87,5.0,1.0,Farm,1429458196,0.0
406,-246.768,0.0,85.211,181.5,Farm,2.13,1.62,5.0,1.0,Farm,1429458196,0.0
407,-98.07,0.0,-174.97,216.23,Farm,4.0,2.2,5.0,1.0,Farm,1429458196,0.0
408,-96.887,0.0,-176.584,36.23,Farm,4.0,1.8,5.0,1.0,Farm,1429458196,0.0
409,-90.831,0.0,-62.288,99.4,Farm,4.0,1.65,5.0,1.0,Farm,1429458196,0.0
410,-83.453,0.0,99.969,156.0,Farm,4.0,2.21,5.0,1.0,Farm,1429458196,0.0
411,-60.019,0.0,-106.027,25.9,Farm,4.0,1.72,5.0,1.0,Farm,1429458196,0.0
412,-19.21,0.0,-282.177,193.75,Farm,2.31,2.21,5.0,1.0,Farm,1429458196,0.0
413,-17.479,0.0,-280.834,103.75,Farm,4.0,1.69,5.0,1.0,Farm,1429458196,0.0
414,-17.429,0.0,222.541,127.08,Farm,2.32,2.25,5.0,1.0,Farm,1429458196,0.0
415,-15.833,0.0,223.747,127.08,Farm,2.32,1.75,5.0,1.0,Farm,1429458196,0.0
416,-8.797,0.0,-169.326,344.9,Farm,4.0,1.77,5.0,1.0,Farm,1429458196,0.0
417,19.522,0.0,-287.328,289.08,Farm,2.32,2.27,5.0,1.0,Farm,1429458196,0.0
418,37.469,0.0,92.04,293.95,Farm,2.39,2.09,5.0,1.0,Farm,1429458196,0.0
419,37.531,0.0,94.256,203.95,Farm,4.0,1.61,5.0,1.0,Farm,1429458196,0.0
420,39.297,0.0,92.852,113.95,Farm,2.39,1.91,5.0,1.0,Farm,1429458196,0.0
421,57.172,0.0,-230.412,234.5,Farm,4.0,2.32,5.0,1.0,Farm,1429458196,0.0
422,58.8,0.0,-231.574,54.5,Farm,4.0,1.68,5.0,1.0,Farm,1429458196,0.0
423,67.98,0.0,-144.144,202.76,Farm,2.31,1.76,5.0,1.0,Farm,1429458196,0.0
424,68.508,0.0,75.312,267.67,Farm,4.0,2.16,5.0,1.0,Farm,1429458196,0.0
425,70.506,0.0,75.23,87.67,Farm,4.0,1.84,5.0,1.0,Farm,1429458196,0.0
426,70.658,0.0,-145.358,292.76,Farm,1.93,1.69,5.0,1.0,Farm,1429458196,0.0
427,83.404,0.0,192.158,263.09,Farm,2.36,1.61,5.0,1.0,Farm,1429458196,0.0
428,85.291,0.0,-74.147,205.84,Farm,4.0,1.77,5.0,1.0,Farm,1429458196,0.0
429,85.434,0.0,189.898,173.09,Farm,1.81,1.64,5.0,1.0,Farm,1429458196,0.0
430,86.162,0.0,-75.947,25.84,Farm,4.0,2.23,5.0,1.0,Farm,1429458196,0.0
431,93.627,0.0,-239.153,307.19,Farm,4.0,1.72,5.0,1.0,Farm,1429458196,0.0
432,124.516,0.0,215.064,211.49,Farm,1.89,1.84,5.0,1.0,Farm,1429458196,0.0
433,153.094,0.0,-146.692,231.97,Farm,2.15,2.02,5.0,1.0,Farm,1429458196,0.0
434,153.525,0.0,257.233,299.93,Farm,4.0,1.74,5.0,1.0,Farm,1429458196,0.0
435,154.669,0.0,-147.924,51.97,Farm,2.15,1.98,5.0,1.0,Farm,1429458196,0.0
436,162.951,0.0,4.767,45.01,Farm,2.4,1.85,5.0,1.0,Farm,1429458196,0.0
437,190.585,0.0,94.575,142.82,Farm,2.26,1.69,5.0,1.0,Farm,1429458196,0.0
438,226.251,0.0,-60.818,46.47,Farm,4.0,1.62,5.0,1.0,Farm,1429458196,0.0
439,306.524,0.0,86.865,268.14,Farm,1.95,1.84,5.0,1.0,Farm,1429458196,0.0
440,306.725,0.0,88.86,358.14,Farm,2.11,2.05,5.0,1.0,Farm,1429458196,0.0
441,355.522,0.0,-61.948,52.81,Farm,4.0,2.02,5.0,1.0,Farm,1429458196,0.0
442,-70.757,0.0,-6.002,106.66,Gate,5.84,5.96,5.0,1.0,Gate,1429458196,0.0
443,-69.988,0.0,-10.798,300.45,Gate,3.37,2.89,5.0,1.0,Gate,1429458196,0.0
444,-68.118,0.0,-0.453,247.59,Gate,7.14,3.59,5.0,1.0,Gate,1429458196,0.0
445,-67.505,0.0,-16.134,300.45,Gate,4.93,1.76,5.0,1.0,Gate,1429458196,0.0
446,-66.986,0.0,-9.444,30.45,Gate,4.97,2.66,5.0,1.0,Gate,1429458196,0.0
447,-66.934,0.0,-4.905,286.66,Gate,5.75,1.99,5.0,1.0,Gate,1429458196,0.0
448,-66.637,0.0,-12.632,210.45,Gate,6.81,3.18,5.0,1.0,Gate,1429458196,0.0
449,-65.008,0.0,-15.525,286.66,Gate,4.63,4.39,5.0,1.0,Gate,1429458196,0.0
450,-64.849,0.0,2.219,166.0,Gate,7.28,5.15,5.0,1.0,Gate,1429458196,0.0
451,-63.497,0.0,-18.074,204.26,Gate,6.95,1.88,5.0,1.0,Gate,1429458196,0.0
452,-63.403,0.0,-1.084,196.66,Gate,5.76,4.07,5.0,1.0,Gate,1429458196,0.0
453,-63.256,0.0,-22.906,114.26,Gate,5.93,2.88,5.0,1.0,Gate,1429458196,0.0
454,-63.118,0.0,-32.65,239.68,Gate,5.57,2.72,5.0,1.0,Gate,1429458196,0.0
455,-62.904,0.0,-69.329,236.67,Gate,8.35,3.45,5.0,1.0,Gate,1429458196,0.0
456,-62.77,0.0,-3.843,17.9,Gate,5.43,1.69,5.0,1.0,Gate,1429458196,0.0
457,-62.638,0.0,-41.318,210.53,Gate,7.12,5.66,5.0,1.0,Gate,1429458196,0.0
458,-62.415,0.0,-6.615,197.9,Gate,4.55,3.8,5.0,1.0,Gate,1429458196,0.0
459,-61.724,0.0,-34.456,300.53,Gate,4.03,3.94,5.0,1.0,Gate,1429458196,0.0
460,-61.449,0.0,-61.308,56.67,Gate,5.46,3.79,5.0,1.0,Gate,1429458196,0.0
461,-60.775,0.0,-47.431,55.14,Gate,4.38,3.97,5.0,1.0,Gate,1429458196,0.0
462,-60.59,0.0,-20.69,294.26,Gate,4.08,3.8,5.0,1.0,Gate,1429458196,0.0
463,-59.953,0.0,-5.889,107.9,Gate,3.93,1.33,5.0,1.0,Gate,1429458196,0.0
464,-59.785,0.0,-63.97,64.12,Gate,3.16,2.26,5.0,1.0,Gate,1429458196,0.0
465,-59.513,0.0,-71.796,75.39,Gate,1.86,1.35,5.0,1.0,Gate,1429458196,0.0
466,-59.513,0.0,-11.278,24.26,Gate,8.41,7.24,5.0,1.0,Gate,1429458196,0.0
467,-59.441,0.0,-74.479,335.31,Gate,3.6,3.22,5.0,1.0,Gate,1429458196,0.0
468,-59.37,0.0,-23.394,22.82,Gate,3.85,1.95,5.0,1.0,Gate,1429458196,0.0
469,-59.316,0.0,1.221,17.9,Gate,8.26,5.82,5.0,1.0,Gate,1429458196,0.0
470,-59.234,0.0,-28.298,147.27,Gate,7.51,5.09,5.0,1.0,Gate,1429458196,0.0
471,-58.947,0.0,-43.846,329.8,Gate,4.37,2.79,5.0,1.0,Gate,1429458196,0.0
472,-58.43,0.0,-38.448,300.53,Gate,4.99,3.04,5.0,1.0,Gate,1429458196,0.0
473,-58.41,0.0,-4.471,102.26,Gate,5.9,3.01,5.0,1.0,Gate,1429458196,0.0
474,-58.331,0.0,-61.402,64.12,Gate,2.73,1.89,5.0,1.0,Gate,1429458196,0.0
475,-57.197,0.0,-30.148,57.27,Gate,6.0,2.18,5.0,1.0,Gate,1429458196,0.0
476,-57.139,0.0,-41.732,59.8,Gate,5.09,3.37,5.0,1.0,Gate,1429458196,0.0
477,-57.09,0.0,-25.08,327.27,Gate,3.09,1.44,5.0,1.0,Gate,1429458196,0.0
478,-56.32,0.0,-18.468,110.99,Gate,8.8,5.09,5.0,1.0,Gate,1429458196,0.0
479,-56.182,0.0,-65.53,244.12,Gate,4.65,1.58,5.0,1.0,Gate,1429458196,0.0
480,-55.927,0.0,-33.819,127.9,Gate,3.9,2.85,5.0,1.0,Gate,1429458196,0.0
481,-55.336,0.0,-52.302,64.12,Gate,7.35,4.45,5.0,1.0,Gate,1429458196,0.0
482,-55.177,0.0,-23.992,57.27,Gate,5.34,3.15,5.0,1.0,Gate,1429458196,0.0
483,-55.041,0.0,-2.352,282.26,Gate,3.82,3.27,5.0,1.0,Gate,1429458196,0.0
484,-54.138,0.0,-4.982,12.26,Gate,3.92,3.08,5.0,1.0,Gate,1429458196,0.0
485,-54.131,0.0,-65.996,341.24,Gate,3.09,1.31,5.0,1.0,Gate,1429458196,0.0
486,-53.955,0.0,-36.481,37.9,Gate,3.01,2.73,5.0,1.0,Gate,1429458196,0.0
487,-53.825,0.0,-45.281,239.8,Gate,5.46,4.73,5.0,1.0,Gate,1429458196,0.0
488,-53.686,0.0,-64.717,341.24,Gate,3.07,1.4,5.0,1.0,Gate,1429458196,0.0
489,-53.598,0.0,-8.497,192.26,Gate,5.37,2.82,5.0,1.0,Gate,1429458196,0.0
490,-53.372,0.0,-15.121,290.99,Gate,4.88,1.62,5.0,1.0,Gate,1429458196,0.0
491,-53.087,0.0,-39.763,149.79,Gate,2.31,1.18,5.0,1.0,Gate,1429458196,0.0
492,-53.0,0.0,-27.51,110.63,Gate,8.35,4.0,5.0,1.0,Gate,1429458196,0.0
493,-52.692,0.0,-61.741,341.24,Gate,5.05,3.68,5.0,1.0,Gate,1429458196,0.0
494,-52.543,0.0,-10.583,204.26,Gate,4.87,2.78,5.0,1.0,Gate,1429458196,0.0
495,-52.152,0.0,-48.28,214.58,Gate,3.58,2.99,5.0,1.0,Gate,1429458196,0.0
496,-52.065,0.0,-31.671,307.9,Gate,7.52,4.68,5.0,1.0,Gate,1429458196,0.0
497,-51.682,0.0,-19.426,112.82,Gate,3.3,1.79,5.0,1.0,Gate,1429458196,0.0
498,-51.165,0.0,-58.675,334.12,Gate,4.62,3.71,5.0,1.0,Gate,1429458196,0.0
499,-50.765,0.0,-13.94,114.13,Gate,4.81,4.37,5.0,1.0,Gate,1429458196,0.0
500,-50.634,0.0,-1.929,294.13,Gate,12.5,5.69,5.0,1.0,Gate,1429458196,0.0
501,-49.761,0.0,-42.092,304.58,Gate,6.02,3.38,5.0,1.0,Gate,1429458196,0.0
502,-49.692,0.0,-38.938,329.79,Gate,7.06,3.67,5.0,1.0,Gate,1429458196,0.0
503,-49.048,0.0,-52.425,341.24,Gate,3.36,2.91,5.0,1.0,Gate,1429458196,0.0
504,-49.025,0.0,-55.827,341.02,Gate,6.31,2.34,5.0,1.0,Gate,1429458196,0.0
505,-48.954,0.0,-9.308,25.2,Gate,2.77,2.54,5.0,1.0,Gate,1429458196,0.0
506,-48.844,0.0,-18.179,22.82,Gate,4.4,3.4,5.0,1.0,Gate,1429458196,0.0
507,-48.819,0.0,-24.692,103.47,Gate,8.43,5.48,5.0,1.0,Gate,1429458196,0.0
508,-47.968,0.0,-50.251,334.12,Gate,3.02,2.29,5.0,1.0,Gate,1429458196,0.0
509,-47.842,0.0,-11.734,25.2,Gate,2.83,2.8,5.0,1.0,Gate,1429458196,0.0
510,-47.706,0.0,-59.545,251.24,Gate,2.64,1.78,5.0,1.0,Gate,1429458196,0.0
511,-47.561,0.0,-36.741,59.79,Gate,6.77,5.59,5.0,1.0,Gate,1429458196,0.0
512,-47.06,0.0,-30.003,193.47,Gate,4.53,2.72,5.0,1.0,Gate,1429458196,0.0
513,-45.776,0.0,-9.318,115.2,Gate,5.42,2.97,5.0,1.0,Gate,1429458196,0.0
514,-45.681,0.0,-54.416,341.24,Gate,4.3,1.31,5.0,1.0,Gate,1429458196,0.0
515,-45.68,0.0,-22.065,112.82,Gate,5.02,2.56,5.0,1.0,Gate,1429458196,0.0
516,-45.678,0.0,-15.793,112.82,Gate,5.34,3.52,5.0,1.0,Gate,1429458196,0.0
517,-45.173,0.0,-31.991,327.27,Gate,5.4,2.7,5.0,1.0,Gate,1429458196,0.0
518,-44.962,0.0,-52.264,157.09,Gate,4.54,3.53,5.0,1.0,Gate,1429458196,0.0
519,-44.837,0.0,-57.653,71.24,Gate,3.08,1.88,5.0,1.0,Gate,1429458196,0.0
520,-43.797,0.0,-47.011,337.09,Gate,7.7,3.05,5.0,1.0,Gate,1429458196,0.0
521,-43.673,0.0,-29.762,149.79,Gate,5.89,3.03,5.0,1.0,Gate,1429458196,0.0
522,-43.617,0.0,-25.468,193.47,Gate,4.27,3.04,5.0,1.0,Gate,1429458196,0.0
523,-43.257,0.0,-19.259,202.82,Gate,4.08,1.73,5.0,1.0,Gate,1429458196,0.0
524,-43.132,0.0,-31.712,59.79,Gate,5.51,2.99,5.0,1.0,Gate,1429458196,0.0
525,-43.046,0.0,83.39,32.0,Gate,6.27,5.58,5.0,1.0,Gate,1429458196,0.0
526,-43.001,0.0,-14.672,115.2,Gate,5.44,2.5,5.0,1.0,Gate,1429458196,0.0
527,-42.914,0.0,-20.911,193.47,Gate,3.85,2.24,5.0,1.0,Gate,1429458196,0.0
528,-42.217,0.0,-53.887,251.24,Gate,4.54,1.92,5.0,1.0,Gate,1429458196,0.0
529,-42.163,0.0,-42.93,59.79,Gate,5.35,2.56,5.0,1.0,Gate,1429458196,0.0
530,-42.12,0.0,-22.679,202.82,Gate,3.52,2.17,5.0,1.0,Gate,1429458196,0.0
531,-41.95,0.0,-27.506,329.79,Gate,5.18,2.6,5.0,1.0,Gate,1429458196,0.0
532,-41.947,0.0,-37.981,239.79,Gate,2.67,1.36,5.0,1.0,Gate,1429458196,0.0
533,-41.37,0.0,120.892,142.53,Gate,2.99,2.56,5.0,1.0,Gate,1429458196,0.0
534,-40.331,0.0,-20.348,115.2,Gate,6.02,2.51,5.0,1.0,Gate,1429458196,0.0
535,-40.306,0.0,-45.019,64.59,Gate,3.87,3.05,5.0,1.0,Gate,1429458196,0.0
536,-40.285,0.0,124.51,322.53,Gate,6.62,3.31,5.0,1.0,Gate,1429458196,0.0
537,-40.244,0.0,-38.853,242.78,Gate,2.6,2.6,5.0,1.0,Gate,1429458196,0.0
538,-40.206,0.0,114.297,24.02,Gate,4.12,3.46,5.0,1.0,Gate,1429458196,0.0
539,-40.081,0.0,80.783,31.73,Gate,4.01,2.0,5.0,1.0,Gate,1429458196,0.0
540,-39.811,0.0,76.274,301.4,Gate,4.77,4.32,5.0,1.0,Gate,1429458196,0.0
541,-39.76,0.0,-54.938,247.09,Gate,4.41,3.74,5.0,1.0,Gate,1429458196,0.0
542,-39.403,0.0,120.364,208.38,Gate,2.92,1.12,5.0,1.0,Gate,1429458196,0.0
543,-38.972,0.0,-42.562,334.59,Gate,2.74,1.71,5.0,1.0,Gate,1429458196,0.0
544,-38.942,0.0,-26.182,283.47,Gate,6.61,4.49,5.0,1.0,Gate,1429458196,0.0
545,-38.848,0.0,-35.673,59.79,Gate,4.44,4.4,5.0,1.0,Gate,1429458196,0.0
546,-38.583,0.0,118.683,298.38,Gate,3.39,2.77,5.0,1.0,Gate,1429458196,0.0
547,-38.107,0.0,-40.029,242.78,Gate,2.47,2.28,5.0,1.0,Gate,1429458196,0.0
548,-38.065,0.0,-48.971,341.94,Gate,3.52,2.32,5.0,1.0,Gate,1429458196,0.0
549,-37.938,0.0,85.063,127.97,Gate,5.14,3.52,5.0,1.0,Gate,1429458196,0.0
550,-37.656,0.0,-31.472,239.79,Gate,3.09,2.23,5.0,1.0,Gate,1429458196,0.0
551,-37.603,0.0,91.79,121.85,Gate,5.3,4.07,5.0,1.0,Gate,1429458196,0.0
552,-37.298,0.0,78.677,313.33,Gate,3.82,2.14,5.0,1.0,Gate,1429458196,0.0
553,-36.718,0.0,-51.734,161.94,Gate,7.96,2.1,5.0,1.0,Gate,1429458196,0.0
554,-36.694,0.0,106.867,284.78,Gate,4.48,3.59,5.0,1.0,Gate,1429458196,0.0
555,-36.497,0.0,-37.074,66.23,Gate,4.59,1.56,5.0,1.0,Gate,1429458196,0.0
556,-36.392,0.0,113.801,110.5,Gate,7.59,1.7,5.0,1.0,Gate,1429458196,0.0
557,-35.386,0.0,-50.223,154.59,Gate,2.61,1.89,5.0,1.0,Gate,1429458196,0.0
558,-35.332,0.0,-45.998,334.59,Gate,5.58,4.59,5.0,1.0,Gate,1429458196,0.0
559,-35.068,0.0,88.729,220.02,Gate,4.4,3.09,5.0,1.0,Gate,1429458196,0.0
560,-35.014,0.0,-32.97,149.79,Gate,3.85,3.03,5.0,1.0,Gate,1429458196,0.0
561,-34.812,0.0,129.577,184.98,Gate,9.56,3.35,5.0,1.0,Gate,1429458196,0.0
562,-34.43,0.0,-39.439,246.23,Gate,7.08,4.13,5.0,1.0,Gate,1429458196,0.0
563,-34.291,0.0,-29.718,229.01,Gate,3.72,1.78,5.0,1.0,Gate,1429458196,0.0
564,-34.205,0.0,94.581,40.02,Gate,5.38,4.76,5.0,1.0,Gate,1429458196,0.0
565,-33.683,0.0,101.896,293.02,Gate,6.38,5.25,5.0,1.0,Gate,1429458196,0.0
566,-33.604,0.0,86.596,214.84,Gate,4.14,2.44,5.0,1.0,Gate,1429458196,0.0
567,-33.385,0.0,82.497,43.33,Gate,8.93,4.01,5.0,1.0,Gate,1429458196,0.0
568,-33.17,0.0,125.901,200.5,Gate,8.81,6.87,5.0,1.0,Gate,1429458196,0.0
569,-32.56,0.0,-30.998,229.01,Gate,3.38,2.51,5.0,1.0,Gate,1429458196,0.0
570,-32.559,0.0,120.039,200.5,Gate,5.85,4.54,5.0,1.0,Gate,1429458196,0.0
571,-32.509,0.0,-48.495,251.94,Gate,6.67,1.97,5.0,1.0,Gate,1429458196,0.0
572,-31.954,0.0,-40.697,51.94,Gate,7.18,3.03,5.0,1.0,Gate,1429458196,0.0
573,-31.5,0.0,98.613,220.02,Gate,4.1,2.06,5.0,1.0,Gate,1429458196,0.0
574,-31.446,0.0,96.391,305.17,Gate,3.67,1.64,5.0,1.0,Gate,1429458196,0.0
575,-31.347,0.0,92.429,35.17,Gate,2.76,2.45,5.0,1.0,Gate,1429458196,0.0
576,-31.336,0.0,-33.757,224.95,Gate,5.89,2.17,5.0,1.0,Gate,1429458196,0.0
577,-31.006,0.0,113.409,290.5,Gate,8.72,4.12,5.0,1.0,Gate,1429458196,0.0
578,-30.805,0.0,-50.361,251.94,Gate,8.52,2.43,5.0,1.0,Gate,1429458196,0.0
579,-30.393,0.0,91.075,34.84,Gate,2.77,0.88,5.0,1.0,Gate,1429458196,0.0
580,-30.12,0.0,96.772,110.5,Gate,3.35,1.88,5.0,1.0,Gate,1429458196,0.0
581,-29.32,0.0,-53.199,236.74,Gate,6.07,4.08,5.0,1.0,Gate,1429458196,0.0
582,-29.048,0.0,87.648,304.84,Gate,6.29,4.54,5.0,1.0,Gate,1429458196,0.0
583,-28.563,0.0,-35.003,241.58,Gate,5.47,5.3,5.0,1.0,Gate,1429458196,0.0
584,-28.249,0.0,-43.057,231.94,Gate,7.07,4.51,5.0,1.0,Gate,1429458196,0.0
585,-27.547,0.0,105.58,113.04,Gate,7.39,5.3,5.0,1.0,Gate,1429458196,0.0
586,-26.258,0.0,-49.176,156.05,Gate,5.18,4.22,5.0,1.0,Gate,1429458196,0.0
587,-25.539,0.0,-45.41,236.74,Gate,2.38,1.86,5.0,1.0,Gate,1429458196,0.0
588,-25.368,0.0,-38.955,321.94,Gate,3.99,2.94,5.0,1.0,Gate,1429458196,0.0
589,-24.993,0.0,97.685,290.5,Gate,11.1,4.37,5.0,1.0,Gate,1429458196,0.0
590,-24.062,0.0,-37.086,321.94,Gate,3.75,1.62,5.0,1.0,Gate,1429458196,0.0
591,-21.733,0.0,101.88,185.31,Gate,5.34,1.82,5.0,1.0,Gate,1429458196,0.0
592,-21.457,0.0,98.906,185.31,Gate,5.34,4.15,5.0,1.0,Gate,1429458196,0.0
593,-20.124,0.0,95.401,14.81,Gate,8.16,4.25,5.0,1.0,Gate,1429458196,0.0
594,-19.93,0.0,90.461,350.29,Gate,10.17,6.54,5.0,1.0,Gate,1429458196,0.0
595,-10.062,0.0,88.364,350.29,Gate,12.33,5.73,5.0,1.0,Gate,1429458196,0.0
596,-8.15,0.0,98.821,276.14,Gate,5.39,3.93,5.0,1.0,Gate,1429458196,0.0
597,-7.542,0.0,93.452,96.89,Gate,5.35,3.96,5.0,1.0,Gate,1429458196,0.0
598,31.011,0.0,12.161,2.53,Gate,4.54,3.19,5.0,1.0,Gate,1429458196,0.0
599,32.067,0.0,7.592,272.53,Gate,6.03,6.25,5.0,1.0,Gate,1429458196,0.0
600,32.45,0.0,-2.526,272.53,Gate,6.33,6.12,5.0,1.0,Gate,1429458196,0.0
601,32.927,0.0,2.368,2.53,Gate,7.51,3.41,5.0,1.0,Gate,1429458196,0.0
602,34.004,0.0,5.876,3.07,Gate,6.71,2.34,5.0,1.0,Gate,1429458196,0.0
603,35.146,0.0,19.032,1.74,Gate,13.41,9.16,5.0,1.0,Gate,1429458196,0.0
604,35.643,0.0,12.656,181.74,Gate,6.1,2.42,5.0,1.0,Gate,1429458196,0.0
605,36.422,0.0,-1.863,278.98,Gate,5.67,2.53,5.0,1.0,Gate,1429458196,0.0
606,37.222,0.0,10.318,205.15,Gate,5.51,4.95,5.0,1.0,Gate,1429458196,0.0
607,40.071,0.0,1.792,284.42,Gate,6.52,5.71,5.0,1.0,Gate,1429458196,0.0
608,40.127,0.0,6.538,205.15,Gate,6.31,4.36,5.0,1.0,Gate,1429458196,0.0
609,41.168,0.0,11.221,271.74,Gate,5.62,4.85,5.0,1.0,Gate,1429458196,0.0
610,42.311,0.0,20.312,183.12,Gate,6.45,4.06,5.0,1.0,Gate,1429458196,0.0
611,42.661,0.0,23.503,206.9,Gate,7.77,4.26,5.0,1.0,Gate,1429458196,0.0
612,43.164,0.0,7.36,111.8,Gate,5.66,3.23,5.0,1.0,Gate,1429458196,0.0
613,43.173,0.0,17.102,183.12,Gate,5.07,2.44,5.0,1.0,Gate,1429458196,0.0
614,44.609,0.0,13.255,291.8,Gate,5.72,3.83,5.0,1.0,Gate,1429458196,0.0
615,45.66,0.0,7.514,104.05,Gate,4.85,2.11,5.0,1.0,Gate,1429458196,0.0
616,45.749,0.0,2.336,3.07,Gate,5.43,4.79,5.0,1.0,Gate,1429458196,0.0
617,46.051,0.0,-1.48,8.98,Gate,6.01,3.42,5.0,1.0,Gate,1429458196,0.0
618,49.628,0.0,7.822,110.46,Gate,5.77,2.37,5.0,1.0,Gate,1429458196,0.0
619,49.823,0.0,-19.057,258.14,Gate,4.86,3.01,5.0,1.0,Gate,1429458196,0.0
620,51.419,0.0,2.97,284.05,Gate,4.81,2.89,5.0,1.0,Gate,1429458196,0.0
621,51.538,0.0,-7.382,258.14,Gate,4.26,1.57,5.0,1.0,Gate,1429458196,0.0
622,51.563,0.0,-15.096,348.14,Gate,4.79,2.41,5.0,1.0,Gate,1429458196,0.0
623,51.626,0.0,-12.213,258.14,Gate,6.54,3.73,5.0,1.0,Gate,1429458196,0.0
624,51.679,0.0,-0.832,110.46,Gate,2.85,1.83,5.0,1.0,Gate,1429458196,0.0
625,52.101,0.0,-17.959,168.14,Gate,3.69,1.77,5.0,1.0,Gate,1429458196,0.0
626,53.331,0.0,-5.539,281.91,Gate,3.39,2.79,5.0,1.0,Gate,1429458196,0.0
627,54.773,0.0,-8.522,18.05,Gate,4.65,2.29,5.0,1.0,Gate,1429458196,0.0
628,55.283,0.0,0.208,200.46,Gate,5.65,3.42,5.0,1.0,Gate,1429458196,0.0
629,56.044,0.0,8.632,200.46,Gate,4.4,4.15,5.0,1.0,Gate,1429458196,0.0
630,56.293,0.0,4.461,110.46,Gate,3.84,1.95,5.0,1.0,Gate,1429458196,0.0
631,56.347,0.0,-4.668,194.29,Gate,4.01,3.1,5.0,1.0,Gate,1429458196,0.0
632,56.397,0.0,-10.592,15.15,Gate,2.99,2.79,5.0,1.0,Gate,1429458196,0.0
633,57.135,0.0,-13.188,195.15,Gate,7.24,2.61,5.0,1.0,Gate,1429458196,0.0
634,58.465,0.0,-7.513,198.05,Gate,2.99,2.66,5.0,1.0,Gate,1429458196,0.0
635,58.891,0.0,-3.84,288.05,Gate,2.86,1.52,5.0,1.0,Gate,1429458196,0.0
636,60.061,0.0,1.966,14.29,Gate,4.88,3.92,5.0,1.0,Gate,1429458196,0.0
637,60.589,0.0,-3.413,284.29,Gate,2.77,2.16,5.0,1.0,Gate,1429458196,0.0
638,61.565,0.0,-8.111,107.27,Gate,5.76,2.96,5.0,1.0,Gate,1429458196,0.0
639,63.501,0.0,-2.817,104.29,Gate,3.05,2.85,5.0,1.0,Gate,1429458196,0.0
640,65.631,0.0,-2.296,104.29,Gate,3.09,1.54,5.0,1.0,Gate,1429458196,0.0
641,67.023,0.0,-1.917,97.18,Gate,3.28,1.71,5.0,1.0,Gate,1429458196,0.0
642,69.8,0.0,-0.689,194.29,Gate,2.92,2.03,5.0,1.0,Gate,1429458196,0.0
643,70.664,0.0,-4.445,277.18,Gate,6.01,3.68,5.0,1.0,Gate,1429458196,0.0
644,71.656,0.0,-1.332,104.29,Gate,4.19,3.15,5.0,1.0,Gate,1429458196,0.0
645,72.682,0.0,5.192,14.29,Gate,9.93,3.94,5.0,1.0,Gate,1429458196,0.0
646,76.089,0.0,0.377,194.29,Gate,5.08,3.07,5.0,1.0,Gate,1429458196,0.0
647,-35.377,0.0,-8.327,348.75,Market,3.8,3.8,5.0,1.0,Market,1429458196,0.0
648,-1.431,0.0,-16.941,237.92,Merchant,8.98,6.81,5.0,1.0,Merchant,1429458196,0.0
649,8.398,0.0,-12.725,60.6,Patriciate,20.12,11.35,5.0,1.0,Patriciate,1429458196,0.0
650,17.738,0.0,-22.229,336.23,Patriciate,14.08,9.69,5.0,1.0,Patriciate,1429458196,0.0
651,19.764,0.0,-16.006,344.34,Patriciate,12.03,5.08,5.0,1.0,Patriciate,1429458196,0.0
652,22.079,0.0,-10.05,344.34,Patriciate,10.78,7.64,5.0,1.0,Patriciate,1429458196,0.0
653,-85.223,0.0,37.466,237.19,Slum,8.85,2.18,5.0,1.0,Slum,1429458196,0.0
654,-82.06,0.0,37.717,236.73,Slum,5.4,1.7,5.0,1.0,Slum,1429458196,0.0
655,-81.65,0.0,33.058,339.63,Slum,8.24,2.39,5.0,1.0,Slum,1429458196,0.0
656,-81.316,0.0,36.09,67.37,Slum,2.42,2.0,5.0,1.0,Slum,1429458196,0.0
657,-80.71,0.0,37.544,159.74,Slum,2.04,0.81,5.0,1.0,Slum,1429458196,0.0
658,-80.241,0.0,38.819,157.37,Slum,2.12,1.99,5.0,1.0,Slum,1429458196,0.0
659,-79.792,0.0,45.586,75.82,Slum,4.73,3.46,5.0,1.0,Slum,1429458196,0.0
660,-78.721,0.0,34.718,339.74,Slum,3.91,1.57,5.0,1.0,Slum,1429458196,0.0
661,-78.618,0.0,37.329,67.37,Slum,3.49,2.03,5.0,1.0,Slum,1429458196,0.0
662,-78.342,0.0,47.955,327.19,Slum,2.39,1.41,5.0,1.0,Slum,1429458196,0.0
663,-77.267,0.0,50.824,237.19,Slum,3.92,1.08,5.0,1.0,Slum,1429458196,0.0
664,-76.903,0.0,36.612,69.59,Slum,3.56,1.82,5.0,1.0,Slum,1429458196,0.0
665,-76.203,0.0,42.357,69.59,Slum,6.63,4.52,5.0,1.0,Slum,1429458196,0.0
666,-76.142,0.0,46.61,255.82,Slum,2.18,1.91,5.0,1.0,Slum,1429458196,0.0
667,-75.606,0.0,54.007,64.45,Slum,2.09,0.7,5.0,1.0,Slum,1429458196,0.0
668,-75.559,0.0,31.315,358.77,Slum,3.79,1.18,5.0,1.0,Slum,1429458196,0.0
669,-74.609,0.0,31.429,178.77,Slum,4.87,1.44,5.0,1.0,Slum,1429458196,0.0
670,-74.553,0.0,30.339,339.63,Slum,5.76,2.24,5.0,1.0,Slum,1429458196,0.0
671,-74.457,0.0,46.002,345.82,Slum,2.33,1.83,5.0,1.0,Slum,1429458196,0.0
672,-74.389,0.0,34.63,358.77,Slum,4.56,3.77,5.0,1.0,Slum,1429458196,0.0
673,-74.231,0.0,49.473,335.36,Slum,6.08,3.8,5.0,1.0,Slum,1429458196,0.0
674,-73.993,0.0,39.448,249.59,Slum,1.34,0.45,5.0,1.0,Slum,1429458196,0.0
675,-73.411,0.0,53.898,64.45,Slum,3.79,3.36,5.0,1.0,Slum,1429458196,0.0
676,-73.327,0.0,36.95,339.59,Slum,3.44,2.17,5.0,1.0,Slum,1429458196,0.0
677,-73.097,0.0,45.385,245.36,Slum,1.49,0.9,5.0,1.0,Slum,1429458196,0.0
678,-72.865,0.0,41.497,249.59,Slum,3.48,1.14,5.0,1.0,Slum,1429458196,0.0
679,-72.125,0.0,39.476,344.85,Slum,3.77,2.32,5.0,1.0,Slum,1429458196,0.0
680,-72.002,0.0,41.817,237.68,Slum,2.56,0.62,5.0,1.0,Slum,1429458196,0.0
681,-71.641,0.0,44.697,57.68,Slum,3.55,1.85,5.0,1.0,Slum,1429458196,0.0
682,-70.827,0.0,30.77,178.77,Slum,2.73,1.71,5.0,1.0,Slum,1429458196,0.0
683,-70.812,0.0,40.707,327.68,Slum,2.57,1.95,5.0,1.0,Slum,1429458196,0.0
684,-70.717,0.0,29.033,339.63,Slum,3.43,2.46,5.0,1.0,Slum,1429458196,0.0
685,-70.689,0.0,52.485,244.45,Slum,3.59,1.57,5.0,1.0,Slum,1429458196,0.0
686,-70.556,0.0,41.996,344.85,Slum,2.06,1.16,5.0,1.0,Slum,1429458196,0.0
687,-69.991,0.0,47.917,69.59,Slum,2.91,2.05,5.0,1.0,Slum,1429458196,0.0
688,-69.238,0.0,39.146,71.52,Slum,3.3,2.15,5.0,1.0,Slum,1429458196,0.0
689,-68.846,0.0,30.298,268.77,Slum,2.57,1.26,5.0,1.0,Slum,1429458196,0.0
690,-68.791,0.0,40.805,147.68,Slum,2.32,0.83,5.0,1.0,Slum,1429458196,0.0
691,-68.79,0.0,28.412,54.89,Slum,2.71,1.87,5.0,1.0,Slum,1429458196,0.0
692,-68.654,0.0,35.897,347.1,Slum,7.38,1.86,5.0,1.0,Slum,1429458196,0.0
693,-68.506,0.0,43.69,327.68,Slum,4.53,3.15,5.0,1.0,Slum,1429458196,0.0
694,-68.237,0.0,58.146,222.74,Slum,9.32,4.05,5.0,1.0,Slum,1429458196,0.0
695,-67.968,0.0,46.171,159.59,Slum,2.96,1.24,5.0,1.0,Slum,1429458196,0.0
696,-67.929,0.0,53.724,249.59,Slum,5.54,1.86,5.0,1.0,Slum,1429458196,0.0
697,-67.746,0.0,49.866,339.59,Slum,4.9,2.31,5.0,1.0,Slum,1429458196,0.0
698,-67.433,0.0,47.576,339.59,Slum,2.98,1.77,5.0,1.0,Slum,1429458196,0.0
699,-67.365,0.0,29.532,178.77,Slum,1.74,1.1,5.0,1.0,Slum,1429458196,0.0
700,-67.349,0.0,51.825,230.22,Slum,3.56,3.0,5.0,1.0,Slum,1429458196,0.0
701,-67.283,0.0,30.814,178.77,Slum,1.85,1.47,5.0,1.0,Slum,1429458196,0.0
702,-67.098,0.0,37.844,251.52,Slum,1.89,1.53,5.0,1.0,Slum,1429458196,0.0
703,-66.219,0.0,31.075,54.89,Slum,1.58,0.73,5.0,1.0,Slum,1429458196,0.0
704,-66.132,0.0,45.563,219.71,Slum,2.36,1.33,5.0,1.0,Slum,1429458196,0.0
705,-66.11,0.0,33.98,317.86,Slum,4.1,1.45,5.0,1.0,Slum,1429458196,0.0
706,-65.959,0.0,60.031,28.92,Slum,5.44,3.15,5.0,1.0,Slum,1429458196,0.0
707,-65.894,0.0,51.618,254.09,Slum,2.44,0.53,5.0,1.0,Slum,1429458196,0.0
708,-65.834,0.0,53.964,320.22,Slum,2.6,1.66,5.0,1.0,Slum,1429458196,0.0
709,-65.717,0.0,34.79,164.85,Slum,5.24,2.17,5.0,1.0,Slum,1429458196,0.0
710,-65.562,0.0,27.15,144.89,Slum,3.66,3.57,5.0,1.0,Slum,1429458196,0.0
711,-65.43,0.0,37.334,161.52,Slum,1.95,1.8,5.0,1.0,Slum,1429458196,0.0
712,-65.273,0.0,62.862,38.58,Slum,3.19,1.38,5.0,1.0,Slum,1429458196,0.0
713,-65.223,0.0,39.622,161.52,Slum,3.96,2.67,5.0,1.0,Slum,1429458196,0.0
714,-65.172,0.0,48.711,39.71,Slum,4.9,2.29,5.0,1.0,Slum,1429458196,0.0
715,-64.859,0.0,55.81,320.22,Slum,5.34,2.42,5.0,1.0,Slum,1429458196,0.0
716,-64.363,0.0,31.015,234.89,Slum,2.94,1.17,5.0,1.0,Slum,1429458196,0.0
717,-64.339,0.0,41.94,157.12,Slum,4.38,2.6,5.0,1.0,Slum,1429458196,0.0
718,-64.329,0.0,57.659,208.92,Slum,4.88,1.37,5.0,1.0,Slum,1429458196,0.0
719,-63.734,0.0,45.013,219.51,Slum,3.35,1.38,5.0,1.0,Slum,1429458196,0.0
720,-63.684,0.0,51.019,140.22,Slum,4.64,3.44,5.0,1.0,Slum,1429458196,0.0
721,-63.597,0.0,47.659,219.71,Slum,4.22,1.35,5.0,1.0,Slum,1429458196,0.0
722,-63.18,0.0,64.532,222.74,Slum,2.26,1.53,5.0,1.0,Slum,1429458196,0.0
723,-62.725,0.0,29.633,140.11,Slum,3.34,2.85,5.0,1.0,Slum,1429458196,0.0
724,-62.306,0.0,63.546,218.58,Slum,4.35,1.26,5.0,1.0,Slum,1429458196,0.0
725,-61.972,0.0,65.702,117.39,Slum,1.9,1.45,5.0,1.0,Slum,1429458196,0.0
726,-61.918,0.0,38.683,241.39,Slum,7.08,3.27,5.0,1.0,Slum,1429458196,0.0
727,-61.774,0.0,46.343,67.12,Slum,6.31,2.24,5.0,1.0,Slum,1429458196,0.0
728,-61.746,0.0,52.91,82.76,Slum,3.91,2.51,5.0,1.0,Slum,1429458196,0.0
729,-61.558,0.0,61.931,207.39,Slum,4.18,3.07,5.0,1.0,Slum,1429458196,0.0
730,-61.439,0.0,55.318,352.76,Slum,2.51,0.94,5.0,1.0,Slum,1429458196,0.0
731,-61.427,0.0,32.343,129.86,Slum,5.28,2.52,5.0,1.0,Slum,1429458196,0.0
732,-61.076,0.0,49.752,39.51,Slum,2.34,1.35,5.0,1.0,Slum,1429458196,0.0
733,-60.752,0.0,56.822,208.92,Slum,4.93,2.35,5.0,1.0,Slum,1429458196,0.0
734,-60.452,0.0,59.933,208.92,Slum,4.1,1.6,5.0,1.0,Slum,1429458196,0.0
735,-59.802,0.0,35.259,55.9,Slum,4.96,3.8,5.0,1.0,Slum,1429458196,0.0
736,-59.295,0.0,45.239,124.82,Slum,5.78,3.19,5.0,1.0,Slum,1429458196,0.0
737,-58.646,0.0,53.585,39.51,Slum,6.51,4.17,5.0,1.0,Slum,1429458196,0.0
738,-58.311,0.0,57.009,117.39,Slum,4.46,2.95,5.0,1.0,Slum,1429458196,0.0
739,-58.155,0.0,48.48,129.51,Slum,3.13,1.43,5.0,1.0,Slum,1429458196,0.0
740,-58.028,0.0,42.545,67.12,Slum,2.22,1.3,5.0,1.0,Slum,1429458196,0.0
741,-57.114,0.0,38.604,157.12,Slum,4.73,3.13,5.0,1.0,Slum,1429458196,0.0
742,-56.564,0.0,49.237,309.51,Slum,2.39,1.99,5.0,1.0,Slum,1429458196,0.0
743,-56.394,0.0,46.335,304.82,Slum,2.53,1.63,5.0,1.0,Slum,1429458196,0.0
744,-56.102,0.0,51.041,219.51,Slum,5.0,1.79,5.0,1.0,Slum,1429458196,0.0
745,-55.698,0.0,40.789,124.82,Slum,5.23,2.36,5.0,1.0,Slum,1429458196,0.0
746,-55.444,0.0,47.172,117.39,Slum,2.6,1.53,5.0,1.0,Slum,1429458196,0.0
747,-54.871,0.0,35.949,145.9,Slum,2.66,0.51,5.0,1.0,Slum,1429458196,0.0
748,-54.38,0.0,49.703,117.39,Slum,3.1,2.68,5.0,1.0,Slum,1429458196,0.0
749,-54.305,0.0,36.784,325.9,Slum,2.66,1.51,5.0,1.0,Slum,1429458196,0.0
750,-54.093,0.0,38.127,345.65,Slum,2.25,1.82,5.0,1.0,Slum,1429458196,0.0
751,-53.583,0.0,44.667,75.65,Slum,6.96,4.51,5.0,1.0,Slum,1429458196,0.0
752,-53.572,0.0,47.995,40.41,Slum,2.9,1.23,5.0,1.0,Slum,1429458196,0.0
753,-52.762,0.0,40.572,304.82,Slum,2.04,1.01,5.0,1.0,Slum,1429458196,0.0
754,-19.372,0.0,82.122,290.86,Slum,8.95,3.92,5.0,1.0,Slum,1429458196,0.0
755,-17.279,0.0,83.972,303.8,Slum,2.58,1.46,5.0,1.0,Slum,1429458196,0.0
756,-17.168,0.0,80.363,260.29,Slum,7.41,3.76,5.0,1.0,Slum,1429458196,0.0
757,-16.637,0.0,77.744,213.8,Slum,5.89,1.99,5.0,1.0,Slum,1429458196,0.0
758,-16.342,0.0,72.718,290.86,Slum,9.03,2.88,5.0,1.0,Slum,1429458196,0.0
759,-14.496,0.0,83.25,33.8,Slum,5.28,4.78,5.0,1.0,Slum,1429458196,0.0
760,-13.81,0.0,74.255,309.97,Slum,8.09,5.63,5.0,1.0,Slum,1429458196,0.0
761,-12.342,0.0,65.981,124.64,Slum,6.35,6.26,5.0,1.0,Slum,1429458196,0.0
762,-11.888,0.0,80.069,213.8,Slum,4.86,3.41,5.0,1.0,Slum,1429458196,0.0
763,-10.13,0.0,70.569,214.64,Slum,2.59,1.31,5.0,1.0,Slum,1429458196,0.0
764,-9.452,0.0,75.744,301.38,Slum,5.49,4.38,5.0,1.0,Slum,1429458196,0.0
765,-8.504,0.0,67.974,304.64,Slum,5.77,2.32,5.0,1.0,Slum,1429458196,0.0
766,-8.324,0.0,64.187,360.0,Slum,4.97,1.78,5.0,1.0,Slum,1429458196,0.0
767,-7.861,0.0,82.622,319.16,Slum,6.11,2.7,5.0,1.0,Slum,1429458196,0.0
768,-7.502,0.0,77.789,139.16,Slum,7.35,2.94,5.0,1.0,Slum,1429458196,0.0
769,-6.32,0.0,71.033,124.64,Slum,4.88,4.62,5.0,1.0,Slum,1429458196,0.0
770,-5.491,0.0,81.52,49.16,Slum,4.14,2.18,5.0,1.0,Slum,1429458196,0.0
771,-4.139,0.0,66.896,202.83,Slum,4.72,4.28,5.0,1.0,Slum,1429458196,0.0
772,-4.047,0.0,78.9,124.64,Slum,4.28,2.85,5.0,1.0,Slum,1429458196,0.0
773,-4.007,0.0,64.659,186.88,Slum,3.64,0.98,5.0,1.0,Slum,1429458196,0.0
774,-3.781,0.0,72.765,304.64,Slum,4.92,1.53,5.0,1.0,Slum,1429458196,0.0
775,-3.744,0.0,63.643,186.88,Slum,3.36,1.1,5.0,1.0,Slum,1429458196,0.0
776,-1.888,0.0,80.573,304.64,Slum,4.58,2.6,5.0,1.0,Slum,1429458196,0.0
777,-0.637,0.0,72.662,182.45,Slum,4.17,1.96,5.0,1.0,Slum,1429458196,0.0
778,-0.221,0.0,67.637,276.88,Slum,9.11,3.39,5.0,1.0,Slum,1429458196,0.0
779,-0.164,0.0,75.449,214.64,Slum,6.43,4.62,5.0,1.0,Slum,1429458196,0.0
780,0.027,0.0,70.686,182.45,Slum,3.01,1.98,5.0,1.0,Slum,1429458196,0.0
781,0.324,0.0,81.421,304.64,Slum,3.45,2.0,5.0,1.0,Slum,1429458196,0.0
782,0.356,0.0,71.938,212.7,Slum,3.5,1.55,5.0,1.0,Slum,1429458196,0.0
783,0.673,0.0,69.129,182.45,Slum,1.85,1.18,5.0,1.0,Slum,1429458196,0.0
784,1.07,0.0,67.897,92.45,Slum,2.67,1.16,5.0,1.0,Slum,1429458196,0.0
785,2.646,0.0,79.602,272.45,Slum,5.09,1.79,5.0,1.0,Slum,1429458196,0.0
786,3.04,0.0,64.473,92.45,Slum,2.41,1.28,5.0,1.0,Slum,1429458196,0.0
787,3.331,0.0,72.58,272.45,Slum,3.04,2.55,5.0,1.0,Slum,1429458196,0.0
788,3.933,0.0,79.57,266.98,Slum,4.83,1.25,5.0,1.0,Slum,1429458196,0.0
789,3.998,0.0,64.5,92.45,Slum,2.44,0.63,5.0,1.0,Slum,1429458196,0.0
790,4.197,0.0,66.86,179.41,Slum,3.93,2.46,5.0,1.0,Slum,1429458196,0.0
791,4.676,0.0,69.573,178.47,Slum,5.21,3.06,5.0,1.0,Slum,1429458196,0.0
792,4.801,0.0,75.482,187.5,Slum,5.95,3.81,5.0,1.0,Slum,1429458196,0.0
793,5.195,0.0,64.555,89.41,Slum,2.53,1.89,5.0,1.0,Slum,1429458196,0.0
794,5.928,0.0,72.21,178.47,Slum,2.85,2.28,5.0,1.0,Slum,1429458196,0.0
795,5.966,0.0,73.645,178.47,Slum,2.85,0.59,5.0,1.0,Slum,1429458196,0.0
796,6.846,0.0,79.533,176.98,Slum,6.28,4.6,5.0,1.0,Slum,1429458196,0.0
797,8.025,0.0,63.648,360.0,Slum,3.79,0.7,5.0,1.0,Slum,1429458196,0.0
798,8.046,0.0,65.723,359.41,Slum,3.79,3.49,5.0,1.0,Slum,1429458196,0.0
799,9.328,0.0,76.4,97.5,Slum,3.18,2.83,5.0,1.0,Slum,1429458196,0.0
800,10.45,0.0,65.664,270.0,Slum,4.73,1.05,5.0,1.0,Slum,1429458196,0.0
801,10.7,0.0,79.834,266.98,Slum,3.59,1.39,5.0,1.0,Slum,1429458196,0.0
802,11.05,0.0,69.14,178.47,Slum,6.35,2.34,5.0,1.0,Slum,1429458196,0.0
803,11.138,0.0,72.504,173.41,Slum,6.71,3.73,5.0,1.0,Slum,1429458196,0.0
804,12.476,0.0,65.643,269.41,Slum,4.72,3.05,5.0,1.0,Slum,1429458196,0.0
805,13.106,0.0,76.431,187.5,Slum,4.66,4.1,5.0,1.0,Slum,1429458196,0.0
806,13.669,0.0,79.862,176.98,Slum,3.34,3.22,5.0,1.0,Slum,1429458196,0.0
807,15.621,0.0,68.253,264.03,Slum,3.92,1.92,5.0,1.0,Slum,1429458196,0.0
808,16.035,0.0,71.664,71.91,Slum,3.31,2.56,5.0,1.0,Slum,1429458196,0.0
809,16.168,0.0,79.772,86.98,Slum,3.14,0.76,5.0,1.0,Slum,1429458196,0.0
810,17.136,0.0,75.286,264.03,Slum,4.73,3.47,5.0,1.0,Slum,1429458196,0.0
811,18.079,0.0,79.777,71.91,Slum,4.03,3.71,5.0,1.0,Slum,1429458196,0.0
812,4.721,0.0,10.345,88.48,Temple,8.12,5.17,5.0,1.0,Temple,1429458196,0.0
813,10.18,0.0,13.168,88.48,Temple,5.96,5.59,5.0,1.0,Temple,1429458196,0.0
814,11.668,0.0,3.17,303.83,Temple,10.79,5.09,5.0,1.0,Temple,1429458196,0.0
