road_id,pt_idx,x,z
0,0,-4.247,2.548
0,1,0.201,12.002
0,2,2.062,23.535
0,3,0.451,37.875
0,4,-0.358,57.162
0,5,1.379,76.746
0,6,3.643,95.869
0,7,2.269,116.389
1,0,-4.247,2.548
1,1,-20.64,4.691
1,2,-34.922,11.7
1,3,-46.165,27.055
1,4,-55.288,45.707
1,5,-65.527,60.805
1,6,-76.857,70.921
1,7,-88.501,78.306
2,0,-4.247,2.548
2,1,-21.442,-0.297
2,2,-36.139,-3.066
2,3,-48.629,-8.033
2,4,-61.709,-15.712
2,5,-77.336,-22.09
2,6,-95.8,-22.829
2,7,-114.335,-20.335
3,0,-4.247,2.548
3,1,-6.69,-8.816
3,2,-7.551,-22.514
3,3,-9.956,-36.071
3,4,-17.486,-50.491
3,5,-27.75,-66.618
3,6,-35.536,-85.004
3,7,-40.867,-104.162
4,0,-4.247,2.548
4,1,2.55,-7.901
4,2,7.431,-23.448
4,3,13.969,-40.666
4,4,23.222,-56.911
4,5,32.53,-70.643
4,6,41.082,-82.946
4,7,49.203,-96.02
5,0,-4.247,2.548
5,1,14.571,2.329
5,2,35.652,1.584
5,3,54.825,-1.169
5,4,70.781,-9.161
5,5,84.218,-19.829
5,6,97.853,-25.72
5,7,112.036,-24.6
6,0,-4.247,2.548
6,1,11.809,11.224
6,2,33.394,20.087
6,3,51.019,28.501
6,4,62.305,39.577
6,5,67.07,54.714
6,6,73.688,69.373
6,7,86.512,80.57
7,0,17.436,4.381
7,1,17.84,6.118
7,2,17.845,7.739
7,3,17.407,9.213
7,4,16.494,10.511
7,5,15.085,11.553
7,6,13.216,12.318
7,7,10.962,12.827
7,8,8.389,13.092
7,9,5.533,13.141
7,10,2.491,13.025
7,11,-0.665,12.761
7,12,-3.854,12.362
7,13,-6.972,11.841
7,14,-9.962,11.184
7,15,-12.76,10.382
7,16,-15.324,9.436
7,17,-17.581,8.372
7,18,-19.472,7.216
7,19,-20.993,5.973
7,20,-22.131,4.687
7,21,-22.851,3.383
7,22,-23.165,2.066
7,23,-23.101,0.737
7,24,-22.701,-0.583
7,25,-22.009,-1.873
7,26,-21.051,-3.109
7,27,-19.854,-4.28
7,28,-18.466,-5.396
7,29,-16.918,-6.44
7,30,-15.235,-7.379
7,31,-13.42,-8.187
7,32,-11.502,-8.877
7,33,-9.507,-9.426
7,34,-7.441,-9.8
7,35,-5.325,-10.007
7,36,-3.181,-10.065
7,37,-1.021,-9.96
7,38,1.119,-9.645
7,39,3.212,-9.083
7,40,5.259,-8.281
7,41,7.252,-7.238
7,42,9.167,-5.956
7,43,10.993,-4.477
7,44,12.716,-2.844
7,45,14.281,-1.101
7,46,15.626,0.718
7,47,16.686,2.564
7,48,17.436,4.381
8,0,56.626,1.407
8,1,57.58,8.6
8,2,57.411,15.579
8,3,55.932,21.853
8,4,53.262,27.283
8,5,49.559,31.683
8,6,44.777,34.771
8,7,39.107,36.683
8,8,32.82,37.817
8,9,25.989,38.542
8,10,18.51,38.918
8,11,10.471,39.064
8,12,2.115,39.221
8,13,-6.574,39.481
8,14,-15.449,39.11
8,15,-24.231,38.075
8,16,-32.337,36.305
8,17,-39.336,33.672
8,18,-45.095,30.228
8,19,-49.658,25.983
8,20,-52.736,21.075
8,21,-54.207,15.514
8,22,-54.176,9.384
8,23,-53.02,3.008
8,24,-51.234,-3.49
8,25,-49.252,-9.829
8,26,-46.872,-15.796
8,27,-43.694,-20.986
8,28,-39.817,-25.223
8,29,-35.341,-28.413
8,30,-30.214,-30.626
8,31,-24.583,-32.258
8,32,-18.941,-33.984
8,33,-13.448,-35.995
8,34,-8.062,-38.071
8,35,-3.078,-40.078
8,36,1.559,-41.587
8,37,6.039,-42.486
8,38,10.411,-42.611
8,39,14.949,-41.687
8,40,19.707,-39.858
8,41,24.677,-37.262
8,42,29.977,-33.925
8,43,35.604,-29.851
8,44,41.023,-24.972
8,45,46.216,-19.224
8,46,50.848,-12.768
8,47,54.394,-5.803
8,48,56.626,1.407
9,0,88.573,-3.054
9,1,87.48,10.638
9,2,84.727,24.479
9,3,80.491,37.534
9,4,74.889,48.708
9,5,68.319,56.505
9,6,60.414,61.674
9,7,51.384,65.186
9,8,41.725,67.65
9,9,31.58,70.046
9,10,21.979,73.299
9,11,12.796,76.704
9,12,3.086,79.12
9,13,-7.093,80.007
9,14,-17.774,78.673
9,15,-29.84,75.942
9,16,-43.666,72.124
9,17,-57.264,67.627
9,18,-67.626,61.989
9,19,-74.698,55.116
9,20,-78.689,47.08
9,21,-80.127,37.881
9,22,-80.764,26.78
9,23,-81.432,14.09
9,24,-81.823,0.02
9,25,-81.111,-13.976
9,26,-78.761,-26.946
9,27,-74.854,-38.048
9,28,-69.462,-46.985
9,29,-62.602,-52.708
9,30,-54.463,-56.891
9,31,-45.393,-60.99
9,32,-35.78,-65.634
9,33,-25.894,-70.731
9,34,-16.019,-75.804
9,35,-6.205,-79.905
9,36,3.608,-82.181
9,37,12.766,-82.209
9,38,20.707,-80.319
9,39,27.552,-76.818
9,40,33.912,-72.382
9,41,41.33,-67.447
9,42,49.882,-62.129
9,43,59.436,-55.821
9,44,68.558,-47.892
9,45,76.728,-38.623
9,46,83.241,-28.018
9,47,87.649,-16.085
9,48,88.573,-3.054
10,0,-25.699,72.053
10,1,-28.127,33.956
11,0,-39.911,91.808
11,1,-21.222,73.25
12,0,-13.623,109.798
12,1,-10.732,76.806
13,0,-74.305,20.138
13,1,-51.1,11.874
14,0,-89.145,45.584
14,1,-74.522,15.76
15,0,-97.327,16.755
15,1,-76.945,-3.282
16,0,-27.509,-25.276
16,1,-15.827,-3.953
17,0,0.111,-72.102
17,1,4.801,-40.253
18,0,18.981,-100.673
18,1,-0.105,-72.077
19,0,-5.577,-102.73
19,1,-16.717,-70.784
20,0,63.955,-44.905
20,1,27.438,-27.127
21,0,78.381,-60.507
21,1,57.592,-50.279
22,0,79.296,28.781
22,1,56.532,12.109
23,0,97.645,18.359
23,1,79.444,28.231
24,0,37.487,61.856
24,1,26.21,33.747
25,0,29.627,91.937
25,1,40.552,61.413
26,0,61.167,79.006
26,1,52.466,60.283
